userName,score,at,content,sentiment,sentiment_score
I wayan Sutrisno,5,2026-05-04 01:27:27,keren sekali..,positive,0.9545663595199585
Linda Saraswati,5,2026-05-04 01:25:42,ok,negative,0.9930064678192139
Iis agus Riyanto,1,2026-05-04 01:17:21,"aplikasi taiii , tinggal nunggu verifikasi , nunggu kode gak dikirim kirim",neutral,0.934061586856842
Asep Geng,5,2026-05-04 01:12:10,"aplikasi nya bikin orang sehat jadi sakit. ribet pake banget, gak bisa apa pemerintah buat yang gampang aja, udah lama pake JKN malah log out sendiri dan mau daftar pake no baru susah nya minta ampun, verivikasi wajah susah sampe bikin emosi nunggu kode OTP berjam2 sampe bolak balik masukin no hp. tolong di perhatikan dan di permudah",negative,0.9971812963485718
Siti yusi Slamet,5,2026-05-04 01:10:09,bagus,positive,0.7057405710220337
Dans ardiana,5,2026-05-04 01:05:40,ok ..tapi kadang susah di buka aplikasinya,negative,0.9574273824691772
Eko Wahyu Hermansyah,1,2026-05-04 00:57:41,"aplikasi cacat, verifikasi wajah susah, malah mempersulit",negative,0.9917816519737244
jalal ahmad japar,5,2026-05-04 00:56:15,mantap,positive,0.9755426049232483
Abdie Manaf,5,2026-05-04 00:42:30,bagus,positive,0.7057405710220337
Tak Kusangka,5,2026-05-04 00:41:11,mantap,positive,0.9755426049232483
Belerick Moba,1,2026-05-04 00:35:15,sampah,negative,0.9709339141845703
alfin laisak,5,2026-05-04 00:32:56,Proses Layanan Baik,negative,0.751964271068573
Armando Septian Dadi Ludji,5,2026-05-04 00:30:49,bagus,positive,0.7057405710220337
Endang Supyandi,1,2026-05-04 00:27:44,"OTP nya mana woy.... tanggung amat bikin aplikasi, bukan mempermudah tetap saja harus datang ke kantor",negative,0.8284338116645813
12andri Saputra17,2,2026-05-04 00:20:44,"aplikasinya sering log out sendiri, kurang efisien, dan sering membuat para orang tua kebingungan menggunakannya",negative,0.9883495569229126
Lutfi 80,5,2026-05-04 00:20:22,aplikasinya bagus dan bermanfaat,positive,0.9954003691673279
Muhammad Dodi ilyasin Dodi,5,2026-05-04 00:10:59,mobil jkn mantappp,neutral,0.9833546280860901
Ar-rad,1,2026-05-04 00:09:33,Aplikasi abal-abal wkwkwk,negative,0.9987785220146179
Siti Imma Nurainun (Imma),1,2026-05-03 23:52:34,musti log in mulu ribet,negative,0.9963775277137756
Alfira Fitri,5,2026-05-03 23:49:29,baik,positive,0.9268314838409424
Eko Purwanto,5,2026-05-03 23:40:48,terima kasih sudah mengingatkan saya untuk senyum :),neutral,0.6273398995399475
Nepi Rismaneli Nepi,1,2026-05-03 23:34:00,loading mulu,negative,0.9959450364112854
Cucun Karmila,5,2026-05-03 23:27:15,sangat membantu mempermudah mendapat informasi faskes kesehatan dn dftar antrian online lebih mudah,positive,0.9194719195365906
Ahmad Baidowi,1,2026-05-03 23:20:39,aplikasi nya eror mulu... sistemnya belom bener....,negative,0.9989356398582458
Prich Chaty,1,2026-05-03 23:12:29,knp gak bisa dapet OTPnya... pdhl pulsa ada.. udah puluhan kali tak ulang tetep aja gak bisa,negative,0.9846873879432678
Irwan Djokam,5,2026-05-03 22:59:46,mantap🥰,positive,0.9919415712356567
sitti aisyah,3,2026-05-03 22:54:17,kalau membuat peraturan berobat harus menggunakan apk mobile jkn.. ya aplikasinya diperbaiki dong. masa setiap mau ambil antrian selalu gagal. gimana caranya kami mau berobat. sampai di faskes ditanya suruh pakai aplikasi.. wong aplikasinya yg jelek 😤,negative,0.9985976815223694
Shinoa Hiiragi,1,2026-05-03 22:41:46,"administrasi sangat ribet dan kacau. saya tidak bisa mengubah nomor telepon. selalu muncul notifikasi ""Silahkan pilih metode verifikasi"", namun tidak ada metode verifikasi yang tersedia di UI. tolong segera di fix",negative,0.9947624802589417
Firna Raya,5,2026-05-03 22:31:27,mantap,positive,0.9755426049232483
Asep Saepudin,4,2026-05-03 22:17:53,mantap,positive,0.9755426049232483
Heroh Veronika,5,2026-05-03 21:49:05,"terimakasih, Sangat membantu saya untuk perubahan faskes. hal penting ""harus ada pulsa"" buat kode otp",positive,0.714482307434082
Jauhari Saputra,5,2026-05-03 21:47:17,terima kasih Ok pemerintah. saya bisa berobat gratis,positive,0.6812118887901306
Badriah Afta,5,2026-05-03 21:24:55,baik,positive,0.9268314838409424
Petarung_tangguh,5,2026-05-03 20:26:00,aplikasi keren,positive,0.8701058030128479
anugerahaji bpg,1,2026-05-03 18:43:18,"APLIKASI GAJELAS, VERIF LEWAT EMAIL FAST VERIF LEWAT SMS LAMA AKHIRNYA JUGA GA KELUAR KELUAR KODE NYA, GAJELAS BANGET SIH",negative,0.7048901915550232
semua music,5,2026-05-03 17:17:13,"sengaja nih bintang 5 biar kebaca, lu di kasih dana sama pemerintah yang puluhan triliun hasilnya gini? mau ambil antrean aja servernya busuk, meledak tuh server, lu dikasih puluhan triliun buat apa pea, buat server yang bagus juga ratusan miliar udah bagus banget",negative,0.9960980415344238
Delalablue,2,2026-05-03 17:16:30,"Tolong diperbaiki pak, saya yakin dana untuk membuat aplikasi tidak sedikit. tapi ngasih kode referal saja sulit. Bolak balik saya scan wajah ibu saya padahal keadaan beliau sedang sakit. Setelah berhasil scan masukkin kode saya cek gak ada SMS, Justru bikin susah yang mau berobat kalau begitu terus",negative,0.9983678460121155
Ikhsan Muhammad,5,2026-05-03 16:16:51,mantap,positive,0.9755426049232483
Gina Sonia,1,2026-05-03 16:00:45,"aplikasi tidak jelas , kode otp tidak masuk-masuk,,",negative,0.9930597543716431
Dewi Lidiya Astuti,4,2026-05-03 15:44:05,Nice,negative,0.7700043320655823
Arif Khaidor Rohib,5,2026-05-03 15:35:30,Aplikasi mudah digunakan,positive,0.9238921403884888
Dwi Yusi,1,2026-05-03 15:32:21,aah elaah Ribeeetttt bangettt katanya memudahkan,negative,0.9984670281410217
Wenda Pantow,5,2026-05-03 15:28:54,tebaik,negative,0.4669281542301178
Kayra Star,2,2026-05-03 15:27:47,ngirim kode otp pakai pulsa dawg💔💔,neutral,0.9768322110176086
Eunikefriska P,5,2026-05-03 15:27:19,"keren terbantu kali kalau mau ambil antrian berobat ga perlu ngantri dari pagi supaya dpt no awal, berkat pake aplikasi ini bisa ambil antrian melalui online",positive,0.9850509166717529
Herianti Bun,4,2026-05-03 15:27:08,tidak Susa aplikasinya trimakasih,neutral,0.6860219836235046
Ali Imron,5,2026-05-03 15:12:33,semoga tetap membantu masyarakat kecil amin,positive,0.9638365507125854
Toni Hasan,5,2026-05-03 15:07:38,good experience. thanks,positive,0.8465043902397156
hendy sisuanto,4,2026-05-03 14:56:45,update agak lemot,negative,0.9927833080291748
Ahmad Wongdeso,1,2026-05-03 14:49:41,susah banget masuknya,negative,0.9982969164848328
adri djp,1,2026-05-03 14:32:53,"Alhamdulillah aplikasi ini direkomendasikan untuk bantu memancing emosi saat daftar, membantu merangsang hawa negatif saat tunggu otp... Alhamdulillah samgat djkn, teruskan lelet aplikasinya, salam ketidak warasan",positive,0.9673840403556824
Anis Khumayro,1,2026-05-03 14:23:43,udh klik masuk tp gak bisa. kalau mau masuk harus daftar autodebet dlu. sedangkan saya gapunya bank yg bisa autodebet. sama aja saya gabisa pake apk ini padahal saya baru daftar dan mau bayar pake va. mau lihat aplikasinya aja gabisa masuk,negative,0.9926532506942749
Herry Hermawan Bo'enk,1,2026-05-03 14:17:29,"aplikasi bikin susah orang bukannya mempermudah malah mempersulit,, udah masuk.. keluar sendiri,, kalau mau masuk harus ulang lagi.. mau nambah peserta, masukin nomor kartu keluarganya susah banget",negative,0.998343825340271
cahya agung,1,2026-05-03 14:06:06,app sampah,negative,0.9621094465255737
Andi Alpha,5,2026-05-03 13:57:50,oke,negative,0.907338559627533
Aminatu Zahro,2,2026-05-03 13:50:37,"kode otp lewat sms nya kaga nongol"", giliran lewat email masukk... nyangkut dimana woyyy kode otp sms gw.",negative,0.9920067191123962
neng halisa,1,2026-05-03 13:45:42,aplikasi nya gimana sih mau daftar aja susah nya minta ampun katanya MEMPERMUDAH ter nyata MEMPERSULIT Welcome to indonesia,negative,0.9807488918304443
Melindasari Wawu,5,2026-05-03 13:40:29,bagus,positive,0.7057405710220337
Kartika Malika,5,2026-05-03 13:34:16,ok,negative,0.9930064678192139
Pal Pangs,1,2026-05-03 13:19:38,"otp SMS kelamaan,mau masukin nomer lagi nunggu nya SE abad",negative,0.9912057518959045
Arsa Arsa,1,2026-05-03 13:16:37,ga bisa masuk kode,neutral,0.9941256046295166
Dian Prabowo,1,2026-05-03 13:15:47,app ruwet.wes jelas tp raiso mlebu2koplo.,negative,0.9563108682632446
Azmatun Badzlin bussaina,1,2026-05-03 13:12:00,"bikin pusing ,dibikin ribet ,indonesia kapan maju nya ,indonesia mempersulit rakyat nya saja",negative,0.9991822838783264
sarah aulia,5,2026-05-03 13:11:39,"sengaja nih gua rating 5 biar di baca,apk NYEBELIN,gua pikir bikin bpjs lewat online bakal gampang,eh malah makin nyusahin!!!,gua udah daftar ini itu,eh pas kirim kode otp ke SMS kaga muncul² tuh kode,udah di coba beberapa kali loh, padahal pulsa gua ada,jaringan lancar,tapi kaga ada tu kode muncul!,gua kira gua doang yang ngalamin, ternyata ada juga yg lain,dasar apk gajelas!!! TOLONG PERBAIKI SECEPATNYA!!! GUA MAU BIKIN SKCK HARUS PAKE BPJS!!,CEPET PERBAIKI GUA BUTUH BANGET BUAT KERJA!!",negative,0.9968494772911072
Abah Uwin,5,2026-05-03 12:50:21,terimakasih Mobile JKN mempermudah penggunaan untuk informasi data maupun perubahannya.,neutral,0.9858883023262024
Nunuk Tri rahayu,5,2026-05-03 12:43:13,ok,negative,0.9930064678192139
ion nura (Nur),5,2026-05-03 12:41:07,ok baik,negative,0.9285091161727905
Ikrar Nugraha,5,2026-05-03 12:40:19,"sejauh pengalaman sy bagus jarang sekali ada kendala. begitu sudah daftar di aplikasi terus dateng ke lokasi udah singkron, bisa memperkirakan estimasi waktu jadi ga usah nunggu lama",positive,0.9937520623207092
Ical Bengkel,5,2026-05-03 12:37:45,sangat membantu,positive,0.9828039407730103
Taufiq Akbar,5,2026-05-03 12:37:35,oke,negative,0.907338559627533
Chotib Apriliyanto,1,2026-05-03 12:37:07,perbaiki bos apk mu bikin susah eror terus,negative,0.9957101345062256
Edy Rustandi,5,2026-05-03 12:36:03,keren,positive,0.9939595460891724
Jems Dawowo,5,2026-05-03 12:22:21,lebih dipermudakan trims jkn,negative,0.812337338924408
Agung Rinto,5,2026-05-03 12:09:17,keren,positive,0.9939595460891724
S Rahadi,5,2026-05-03 12:00:22,cukup nyaman,positive,0.9900130033493042
yasmin nur sabrina,5,2026-05-03 11:58:13,"bisa ngubah faskes biar ga ikut klinik tempat kerja, jos markotop",negative,0.7840502262115479
Tecno Spark,5,2026-05-03 11:50:27,good,positive,0.7422583699226379
bang kiki,1,2026-05-03 11:46:15,"anggaran doang gede, kaga fungsi2 amat!!!!! buat rubah data g bisa... ujung2nya ke kantor juga 🫵 mending g ush sok2an digitalisasi kalo belum mampu!",negative,0.9977197051048279
Yuni Fitry,5,2026-05-03 11:46:04,good,positive,0.7422583699226379
Titi Purbo Sari,1,2026-05-03 11:26:43,"aplikasi sampah data diaktifin org lain, pengaduan malah ga ada solusi akun lain malah nope sma email dibilang ga aktif pdhal udh 20 taon pake",negative,0.9983079433441162
Makenn Gaming,5,2026-05-03 11:24:59,mudah di pahami,neutral,0.45031216740608215
Andy Garcia,5,2026-05-03 11:04:09,ok,negative,0.9930064678192139
Agianta . Sitepu,5,2026-05-03 10:55:54,keren,positive,0.9939595460891724
Haryono Novianto,3,2026-05-03 10:47:29,agak sulit loggin nya,negative,0.9945939183235168
Sn Berkreasi,1,2026-05-03 10:47:27,aplikasi nya byk bug ny!! mau ambil no antrean selalu ga bisa pdhl sinyal udh bagus udh make wifi trs surat control+rujukanny juga aktif. Sy coba login ulang ttp aj ga muncul/bisa tolong perbaiki lgi jngn cuma dibaca doang..... jarene dikon daftar online giliran daftar online mlh nyusahke🤦🏼‍♂️,negative,0.998746395111084
Rival andrian,1,2026-05-03 10:45:11,"susah login, akun tidak terdaftar, akun belum terdaftar, atau gabisa di klik sama sekali, atau tiba tiba logout sendiri, segala macem macem",negative,0.994860053062439
Ahmad Alfarizi,1,2026-05-03 10:39:25,"banyak banget problem.. buat ngasih nilai ke rs aja kaga bisa. banyak menu yg cuma jadi pajangan doang.. atau sengaja kalihh biar kita ga bisa ngasih rating pelayanan kepada pelayanan kesehatan tertentu... bhkan gk ad menu bantuan, chat konsultasi gitu atau apalah...",negative,0.9951038360595703
Dadang Suhendar,5,2026-05-03 10:28:37,aplikasi sangat membaantu sekali,positive,0.9909319877624512
Yane Mandena,1,2026-05-03 10:24:13,aplikasi gk jelas. tunggu chptcha aja kayak nunggu kepastian dari dia yg tak kunjung DTG😩😂😤🤮,negative,0.9981672763824463
Nur Sarifah idris,5,2026-05-03 10:17:59,sangat memudahkan,positive,0.9884623885154724
As Raf,2,2026-05-03 10:17:08,"aplikasi ribet, orang udah pusing cuma mau daftar masuk aja ruwet. masa kode OTP dikirim lewat no telp gak ada udah dicoba berkali2... sedangkan waktu tunggu nya lama banget buat kirim ulang,, giliran kirim ke email udah verifikasi harusnya udah bisa masa ttep harus isi no telp tapi tetep gabisa (harus kirim OTP lagi) seharusnya kalo udah dapet OTP dr email kan udah otomatis masuk. 👎👎 sangat muak",negative,0.9990586638450623
Kang. Soerya,5,2026-05-03 09:45:47,daftarnya kok susahnya minta ampun ya.. GK dapat no OTP terus,negative,0.9947577118873596
Mahfud Saffah,5,2026-05-03 09:39:34,sangat membantu ku,positive,0.9818810820579529
Harry Sinyo,4,2026-05-03 09:27:26,lumayan bagus sekali,positive,0.9943406581878662
Lina,5,2026-05-03 09:24:13,👍👍,negative,0.48129764199256897
Wida Ningsih,2,2026-05-03 09:23:45,Kenapa hp saya uda ga bisa pke jkn mobile,negative,0.8379242420196533
Nur Fitriyansyah Iyan,1,2026-05-03 09:20:57,aplikasi tolol,negative,0.5006731152534485
Alif Arifkrismanto,4,2026-05-03 09:18:26,"lumayan bagus ,, hanya waktu pengaktifan pindah faskes terlalu lama.",positive,0.6193847060203552
Johan,4,2026-05-03 09:12:07,4 dulu lah karena belum di buktikan perubahan data nya berhasil atau tidak di fasilitas kesehatan nya,negative,0.6059781312942505
Iqbaal,5,2026-05-03 09:11:40,semua nya bagus mudah di pergunakan,positive,0.9961816072463989
Engkar Karniti,5,2026-05-03 09:03:20,Mau kasih bintang 7 cuma gak ada... keluar terus harus verifikasi terus katanya salah nik terus salah capcha.. terus aja gitu malah gak bisa masuk,negative,0.9938346147537231
Muhamaddwi Guna,5,2026-05-03 08:57:22,bagus,positive,0.7057405710220337
aing's comp,5,2026-05-03 08:55:54,good,positive,0.7422583699226379
X Mie,5,2026-05-03 08:44:46,mudah digunakan,neutral,0.9271052479743958
Dian Cok,5,2026-05-03 08:11:09,mau daftar antrian pada hari Minggu tidak bisa padahal daftar antriannya buat besok hari Senin...gini2 amat program pemerintah padahal tiap bulan selalu bayar,negative,0.99875807762146
Suharman,2,2026-05-03 08:06:46,tidak bisa menerinma kode otp padahal nomor yang saya gunakan untuk daftar masih aktif,negative,0.7953043580055237
Cenglung Distro003,5,2026-05-03 08:04:37,bagus,positive,0.7057405710220337
Edi Pitra,5,2026-05-03 07:59:32,sangat membantu,positive,0.9828039407730103
Widia ayu Rusmana,5,2026-05-03 07:58:48,sangat membantu dan aplikasi yg bagus,positive,0.9944899082183838
Rahman pirmansah,1,2026-05-03 07:47:15,"kode ga muncul, nik salah melulu dikira gua buta kali ya. RIBET",negative,0.9949709177017212
endah marturining rahayu,5,2026-05-03 07:36:18,terimakasih JKN,neutral,0.9969780445098877
Singgih Eko Prasetyo,5,2026-05-03 07:33:16,"sudah jauh lebih baik updatenya, semoga terus terjaga aplikasinya normal",positive,0.9751570224761963
Rezky 27,1,2026-05-03 07:05:35,aplikasi ini ulasan membuat daftar nya sangat buruk dan butuh waktu yang lama jika perlu update biar masyarakat dapat baik mengunakan menunggu kode itu sangat menjengkelkan jadi buat pemerintah tolong di tindak lanjut proses update aplikasi terbaru,negative,0.9949795603752136
Anonim (Anonim),1,2026-05-03 07:03:34,"APK TOLOL ,UDAH MASUKIN NIK DAN KK DENGAN BENAR SAMA CAPCTHA BISA BISANYA MASIH DI ANGGAP SALAH",negative,0.993297278881073
frss 7,1,2026-05-03 07:02:32,"APK TOLOL ,UDAH MASUKIN NIK DAN KK DENGAN BENAR SAMA CAPTCPA BISA BISANYA MASIH DI ANGGAP SALAH",negative,0.9942892789840698
Muhammad Aqfarezapratama,1,2026-05-03 07:01:51,kode otp no telepon gak muncul muncul,neutral,0.9626523852348328
Ali Arifin,5,2026-05-03 07:00:52,terbaik,positive,0.7626844048500061
Boy arema,5,2026-05-03 06:53:37,very good..👍🏻,positive,0.8609165549278259
TAKANOME channel,1,2026-05-03 06:52:14,apknya error hp gak diapa apain gak bisa dibuka katanya hp di root🤦,negative,0.9407771825790405
BANG ZUL Gaming,2,2026-05-03 06:46:14,"kenapa bintang 2 , karena aplikasinya sangat sangat ribet, ribetnya karena selalu loading lah,error lah, coba lagi coba lagi nanti lah, ahhh APA INI HIDUP BAGAIMANA INI!!! Q",negative,0.9985260963439941
ACHMAD SOLEH OFFICIALL CHANNEL,5,2026-05-03 06:41:01,the best,neutral,0.5087416768074036
Indrawati Mashuri,4,2026-05-03 06:24:54,cukup baik,positive,0.9464359283447266
Hadi Gozali,5,2026-05-03 06:24:01,mantap,positive,0.9755426049232483
Gugun Aditya,1,2026-05-03 06:16:20,perbaiki dong verifikasi wajah nya masa gagal mulu ribet,negative,0.9967517852783203
Irfan Wahyu Nurfauzi,1,2026-05-03 06:16:07,OTP yang melalui nomor Hp tak kunjungan ada. selalu gagal pendaftaran.,negative,0.957757830619812
Sri Hidayah,1,2026-05-03 06:10:48,susah banget aplikasi ini cuma gegara lupa pin harus belibet udah ngikutin cara nya tetep aja gagal nyusahin masarakat tau kalau kaya gini udah bayar juga aneh bet,negative,0.9993767142295837
Yastina Meireni,5,2026-05-03 06:09:05,"APLIKASI APAAN, DAFTAR AE SUSAH",negative,0.9672632813453674
D'fa Arkan,5,2026-05-03 06:03:06,Sejauh ini aplikasinya tidak ada eror dan memudahkan pengguna,positive,0.9956681728363037
Diyah Sabrina,2,2026-05-03 05:59:42,sering log out sendiri bikin susah,negative,0.9789404273033142
Hidayat Hasim,5,2026-05-03 05:59:36,bagus,positive,0.7057405710220337
Kang Udjank,5,2026-05-03 05:52:59,aplikasinya bagus bintang 5 fiturnya,positive,0.9944572448730469
ARIS BAEE,5,2026-05-03 05:45:50,busett aga laen,negative,0.6096547842025757
Veraa Nurmaya,1,2026-05-03 05:44:34,"sangat kecewa sama apk ini,",negative,0.9974170923233032
Putune Kungsaparisartomo,2,2026-05-03 05:32:51,login jkn susah nya minta ampun... lebih mudah login fb apa tok tok,negative,0.906583309173584
Salma Wati,1,2026-05-03 05:26:50,ribet,negative,0.9929829835891724
Hananto Wahyu,1,2026-05-03 05:23:21,"padahal sinyal lancar, buat nonton youtube, game,segala macam. tapi giliran buat daftar jkn mobile kok ga bisa ya ? ga ada sinyal dikata. 3 hari berturut"" siang malam, tetep ga bisa. apa karna kebanyakan di korup anggarannya jadi nya ga maksimal apk jkn mobile nya ?",negative,0.991831362247467
Teddy Doank,1,2026-05-03 05:00:26,suka log out sendiri mau masuk lagi susah👎,negative,0.9985874891281128
Siti Rahayu,5,2026-05-03 04:46:57,ok,negative,0.9930064678192139
READ1,3,2026-05-03 04:46:09,KASIAN UNTUK YANG UDAH LANJUT USIA RIBET BANGET MAU KONTROL JUGA HARUS VERIVIKASI WAJAH YANG GAK SELESAI SELESAI. PADAHAL SUDAH STRUK GIMANA BISA SENYUM PENYAKITAN GITU. DAN MASUKIN NOMER HP SELALU SALAH DAN SUDAH TERDAFTAR NOMER LAIN 😁,negative,0.9761484861373901
GTA COM Indonesia,5,2026-05-03 04:26:31,aplikaai mantap sudah nggak oerlu lagi ke kantor2 deeh. bisa ambil antrian langsung dari rumah. terimakasih jkn,positive,0.9783324599266052
Sesilia Bangu Hary,5,2026-05-03 04:15:12,sengaja ksh bintang 5 karna tunggu OTP nomor masuk tidak masuk masuk padahal sdh coba ulng ulang ttp tidak masuk Tapi kode di email kok masuk cepat sekali ya,negative,0.992255449295044
Hutdcvbj Vcfsfgb,5,2026-05-03 03:52:19,nunggu kode otp ga keluar2.bpjs yg bayar tapi di persulit.udah mah bayar tapi bikin pusing kebanyakan aturan,negative,0.9988154172897339
Nurul Fazria,1,2026-05-03 03:50:50,kode selalu ga masuk,negative,0.9831525087356567
Ruma'iyah Malang,1,2026-05-03 03:48:42,verifikasi wajah sulit gagal terus ini yang salah pengguna atau memang aplikasinya yang buruk sih,negative,0.9960175156593323
Ajeng Putri,5,2026-05-03 03:37:27,sangat membantu,positive,0.9828039407730103
Dani Store,1,2026-05-03 03:27:08,apk ga recommend mau daftar dipersulit kode tidak masuk masuk,negative,0.9954851865768433
Mega Rani,1,2026-05-03 03:20:47,apk gk jls di perbaiki deh tolong mau cek kesehatan aja ribet banget pake apk gk berguna kyk gini cmn mempersulit,negative,0.9985840320587158
kurniaone wawan,1,2026-05-03 03:15:41,nungguin otp sampe lebaran gk ada,negative,0.9213061928749084
Era dwisaputra,1,2026-05-03 03:13:51,"ini aplikasi gimana sih, tujuan mempermudah malah sulit. kode Verifikasi SMS aja susah y minta ampun. apa gak punya pulsa? niat gak sih bikin aplikasinya?",negative,0.9977114200592041
Agnes Dewi,1,2026-05-03 03:07:49,sering eror,negative,0.9882102012634277
Yati2,5,2026-05-03 03:05:01,sangat membantu sekalai,positive,0.9893264770507812
Brekele Wins,5,2026-05-03 02:43:04,apk yg sangat membantu,positive,0.9809668064117432
Dherta Ardya,5,2026-05-03 02:38:20,puas,negative,0.5248972177505493
Abdullah rauf Boko,5,2026-05-03 02:11:02,bagus apkasi nya sy ambil antrean lewat hp sja,positive,0.8727930784225464
M Febri,1,2026-05-03 02:09:40,aplikasi ga guna notif ga msuk²,negative,0.9615200757980347
Isma Ginting,1,2026-05-03 02:07:01,otp SMS ga masuk masuk udah 3 bulan aku nungguin!!!,negative,0.9977176189422607
Cyacya,1,2026-05-03 01:46:50,"mau daftar gabisa, login dipersulit, lewat email gabisa, pake SMS ga dikirim kirim kode otpnya, yeu",negative,0.9599049091339111
Daffa Benzbastian,5,2026-05-03 01:46:13,"ok,cepat",negative,0.9832462668418884
rey,5,2026-05-03 01:38:49,bagus,positive,0.7057405710220337
Silpina Nugrahawati,5,2026-05-03 01:17:04,Alhamdulillah terbantukan dan lebih cepat dan dinamis,positive,0.9940383434295654
Rani Suryaningsih,5,2026-05-03 01:16:31,semoga amanah,neutral,0.8690745234489441
Aqilah,5,2026-05-03 01:16:07,sangat ok,positive,0.7326282262802124
Mutia Firhani,1,2026-05-03 01:15:50,tidak bisa di-update di sistem hp saya,negative,0.8868319988250732
Faiz Marasabessy,5,2026-05-03 01:11:30,sangat membantu pada saat saya daftar online untuk dapat nomor urut ke dokter dan sangat membantu apabila apabila mau tanya ke BPJS kesehatan vis 165 lansung di respon dan di beri jalan keluarnya hanya satu kata terima kasih,positive,0.9484046697616577
Junani Ajah,1,2026-05-03 00:45:43,tidak bsa dowlod apk y kenapa y..klu apk lain bsa sy jajal..brhti bukn hp sy yg elor tpi apk jkn y,negative,0.9901062846183777
David Segy,5,2026-05-03 00:42:19,perlunya Biometrik yang bersuara mengarahkan pemakai yang cacat mata minus bisa mendengar tanpa kacamata,neutral,0.9846252202987671
Rais Akbar,5,2026-05-03 00:01:42,sangat baik dan bermandaat,positive,0.9962961077690125
Dila,5,2026-05-02 23:46:26,sangat terbantu/memudahkan,positive,0.9862383604049683
Hesti Nursolehah,4,2026-05-02 23:44:21,GK bisa login ya ampun padahal jaringan bagus Kouta ada :(,negative,0.9949861764907837
Elis Emi,5,2026-05-02 23:42:44,pelayanan bagus..terimakasih,positive,0.9972055554389954
Erni Safitri,5,2026-05-02 23:02:57,mohon di permudah untuk otp jangan lewat sms saja bisa lewat whatshapp juga soalnya takutnya lupa sandinya apa gimana🙏🏼🙏🏼,neutral,0.9396374821662903
Riani Pertiwi,2,2026-05-02 23:02:53,harus daftar lagi GK jelas SDH masuk harus daftar dulu,negative,0.515122652053833
Iwanda Darmawan,5,2026-05-02 22:57:33,Sangat baik,positive,0.9921298623085022
Vivo Br,1,2026-05-02 21:20:09,ini aplikasi yang wajib di gunakan tp malah justru mempersulit pengguna! udah sering log out sendiri masukin no ktp udah bnr tp katanya salah... tolong lah jangan di buat ribet kyk gini orang mau berobat pake aplikasi biar mudah malah jd sulit kyk gini.....! ini pemerintah tau gak sih susah nya kyk gini,negative,0.9985496401786804
beneran isma,1,2026-05-02 19:16:47,"GAJELAS BANGET, UDAH BANYAK YANG NGASIH KELUHAN YANG SAMA TAPI GA ADA PERBAIKANN, SEBENERNYA GUNA ULASAN DI SINI BUAT APA??? nunggu kode otp sms gd masuk uda lakuin berbagai cara, sampah!",negative,0.9676937460899353
Putri Rachmawati,5,2026-05-02 17:39:11,"aplikasi nya sangat membantu mempermudah daftar pelayanan klinik, ga perlu antri, pindah faskes dan daftar peserta baru juga mudah, terimakasih yaa🙏",positive,0.9897568821907043
Sahri Romadhon,1,2026-05-02 17:21:58,"nih gimana pemerintah sama hal bgini aja ga becus. apa udh gada yg pinter lagi kah bagian IT nya apa gimana. ini udh tahun 2026 masih aja apk gagal, malu woy..",negative,0.9989412426948547
Anto Eje,5,2026-05-02 17:17:47,"bagus,banyak info kesehatan yg menarik",positive,0.9898748397827148
sabar ianto,5,2026-05-02 16:42:39,semoga semakin semakin meningkat layanan untuk masyarakat,positive,0.9477571249008179
Anggi Riski,5,2026-05-02 16:40:08,kode otp nomer sayah gax muncul² terusss,negative,0.7152589559555054
Endang Subekti,5,2026-05-02 16:32:58,pelayanan cepat,positive,0.8174741268157959
Dimas S Nugroho,5,2026-05-02 16:26:58,mantab,neutral,0.7853335738182068
Helda Helda,5,2026-05-02 16:23:16,ok,negative,0.9930064678192139
Sekar Fatin,1,2026-05-02 16:20:59,gangguan terus,negative,0.9951708912849426
Wati Sopiati,5,2026-05-02 16:11:14,sangat puas,positive,0.9911750555038452
SUHARTATIK SUHARTATIK,5,2026-05-02 16:04:46,"oke semuanya,sangat membantu terima kasih",positive,0.9867462515830994
Riki candra nugraha,1,2026-05-02 15:40:33,tidak bisa cek riwayat anggota lain payah masa iya 1 kk harus punya apk 1 org 1 apk,negative,0.9348642826080322
CallMeMudza,5,2026-05-02 15:38:00,"nih makan bintang 5! BACA BETUL-BETUL... jangan mempersulit yang udah dipermudah, mau daftar aja jaringan harus bagus paket banget double, pake kendala 'gagal masuk ke server RS' dikira yang daftar paham IT apa, seharian cuma buat nunggu berhasil atau kagak daftar tapi ujungnya malah pesan yang di dapat",negative,0.9805123805999756
Jo Bud ctr,5,2026-05-02 14:51:27,ok keren,negative,0.7666196227073669
Slamet Wahono,1,2026-05-02 14:47:17,susah untuk trima kode OTP,negative,0.9974857568740845
Sifanah Store official,5,2026-05-02 14:45:40,pelayanan bagus JKN tetap dipertahankan dan kalau bisa ditingkatkan pelayanannya,positive,0.9927818775177002
Achmad Farid Al farissi,1,2026-05-02 14:43:24,"Jujur harus banyak yang diperbaiki, apa apa di persulit ribet banget",negative,0.9962730407714844
TRI NURROKHMAN,5,2026-05-02 14:31:31,is the best,positive,0.6763612627983093
Arif Suganda,3,2026-05-02 14:22:11,banyak komentar negatif ini membuat saya jadi ragu menggunakan nya,negative,0.9963213205337524
Inggrit Kartika,2,2026-05-02 14:05:19,ini kenapa ya mau login ajah gangguan terus,negative,0.9983507394790649
Yokz,5,2026-05-02 14:01:08,"simple , lebih mudah , aman, cepat",positive,0.9702268838882446
Liya Paputungan,5,2026-05-02 13:51:43,sanag di rekomendasi kan😍😍,positive,0.7882241010665894
Roy Manurung,5,2026-05-02 13:34:58,membantu untuk mengecek status keaktifan akun BPJS kita.,neutral,0.9918550252914429
Hilda Fajrin,3,2026-05-02 13:08:45,josjis,negative,0.7807124257087708
Eman Wijaya,5,2026-05-02 13:05:19,mantp,neutral,0.5396655201911926
divolim glt,5,2026-05-02 12:34:43,good app,positive,0.5732348561286926
Ahmad Sopian,5,2026-05-02 12:30:18,Good,positive,0.9345431327819824
Muhamad Wisnu,5,2026-05-02 12:27:07,"NIH GW KASIH BINTANG 5 BIAR DI BACA!!! APK GAJELAS GAUSAH DI DOWNLOAD, MALAH GA BISA DAFTAR ANEH",negative,0.9679328203201294
Handika,1,2026-05-02 12:26:06,"kode otp lama,sudah diulang 10x,disuruh menunggu,hasil tetap tidak bisa",negative,0.9929625391960144
muhammad rifan,1,2026-05-02 12:13:49,"aplikasi gak jelas, mau daftar aja susah",negative,0.9966993927955627
Anisa Nurhayati,5,2026-05-02 12:07:21,lebih memudahkan dalam aplikasi,neutral,0.5145301818847656
Jaja Yunza,5,2026-05-02 12:04:15,membantu,negative,0.4875025153160095
Maskana Maya,5,2026-05-02 12:01:12,OHHH TERNYATA BUKAN CMA AKU DOANG YG DAFTAR PAKE NOMOR GA BISA PADAHAL NOMORNYA MASI AKTIF. CAPSLOK NIH BIAR PUASS DAN DI LIHAT,negative,0.9683213829994202
Bondrie Drie,5,2026-05-02 11:54:35,sangat membantu untuk saya,positive,0.9873599410057068
Wisrii RN,3,2026-05-02 11:49:37,"duh aplikasinya gimana sh jelas "" pas bikin sudah terdaftar untuk autodebit giliran mau login suruh daftar lagi mana otp nya susah gimana mau ngecek kalo gini",negative,0.9957211017608643
NUGROHO ROSIANTO,5,2026-05-02 11:45:02,praktis,negative,0.7613314986228943
Wong desso Channel,5,2026-05-02 11:36:37,mudah dan aktual,neutral,0.7403648495674133
Herlina w Herlina,5,2026-05-02 11:26:40,"semoga selalu seperti ini,mudah di akses aplikasi nya😊",positive,0.8858011960983276
Dzaky Arya Yuda,5,2026-05-02 11:21:48,baik. sangat terbantu,positive,0.9644825458526611
Martinw Wijaya,1,2026-05-02 11:01:46,nyusahin,negative,0.9987754225730896
Q Rul Amin,1,2026-05-02 10:53:31,"aplikasi ribet, verifikasi susah mau ambil antrean kadang error. indonesia repot banget kalo urusan administrasi gini.",negative,0.9975128173828125
"Rensy Ayudya, A",5,2026-05-02 10:47:51,Sangat membantu🥺🥺🥺🥺,positive,0.9742504358291626
Agus Herianto,4,2026-05-02 10:41:34,bagus,positive,0.7057405710220337
Zaskia Yaw,5,2026-05-02 10:36:04,sengaja kasih ni rating biar di notice kok ni apk apa ngebug saya daftar pake aplikasi ni sore datang lah terus pelayanan nya bilang dokter pengganti nya datangnya malam jam 7 dokter yang dipilih lagi cuti .kok bisa lagi cuti ada pilihan dokter ini . nah ga lama saya cek buat mau brngkt kesana tulisannya udah selesai pemeriksaan pdhl saya belum datang dan periksa ke klinik nih,negative,0.9568966627120972
Alvian Syah,5,2026-05-02 10:24:37,Knp aplikasi nya ga muncul ya...,negative,0.9421555399894714
Hendra Maulana,5,2026-05-02 10:10:23,baik pelayanan,positive,0.5836994647979736
Satrul Laili,5,2026-05-02 10:03:41,bagus,positive,0.7057405710220337
ATL Musthafawiyah,5,2026-05-02 09:57:35,mantap,positive,0.9755426049232483
Mas Sayur,5,2026-05-02 09:54:44,☺️,negative,0.7927019000053406
Ila Nurlailasari,5,2026-05-02 09:48:45,Kenapa Kartu KIS PBI saA tidak aktif padahal mau dipake lahiran,negative,0.9564252495765686
M Bagus Ardiansyah,5,2026-05-02 09:48:38,sangat membantu dan memberikan manfaat bagi keluarga saya,positive,0.9945525527000427
Arista Eka Putri,1,2026-05-02 09:35:16,"aplikasi jelek banget, masa kode otp ga ke kirim-kirim haduhhhh..",negative,0.9990193843841553
Winata Riski Maulana,5,2026-05-02 09:31:23,Mantap,positive,0.9892808794975281
silvia ibrahim,5,2026-05-02 09:15:58,aplikasi jkn sangatbantu,positive,0.9946773052215576
Aisyah Nisfia,5,2026-05-02 09:08:30,cepat tanggap,positive,0.3815116286277771
Sirly Miranda Julianti,5,2026-05-02 09:05:17,Alhamdulillah Sehat Lagi,positive,0.5236734747886658
bowo prabowo,5,2026-05-02 09:04:11,bagus mudah membantu,positive,0.9865108132362366
Trio Inces,4,2026-05-02 08:44:23,gak bisa masuk ya kak,negative,0.9839527010917664
Fahrur Rozy,1,2026-05-02 08:43:11,"buruk, verifikasi nomor telefon gak muncul",negative,0.9705615639686584
Zainab Aja,5,2026-05-02 08:27:40,sangat membantu dan bagus,positive,0.995137631893158
Agung Septian,1,2026-05-02 07:59:40,"pelayanan BPJS hanya bisa dihari kerja saja sedangkan hari libur dan Sabtu Minggu tidak bisa,,, emangnya KLO sakit bisa memilih hari...??? sakit nih pemerintah",negative,0.996269941329956
Mak sum,5,2026-05-02 07:38:33,Alhamdulillah banyak kemudahan,positive,0.9876787066459656
Sir maidin,5,2026-05-02 07:34:56,"berguna,,,",negative,0.49308884143829346
Indah Samudra,2,2026-05-02 07:03:33,ini gimana aku mau long in kok ngk bisa,negative,0.9958743453025818
agra mahardika,5,2026-05-02 06:54:10,tapi kenapa sering susah dibuka ya,negative,0.9841762781143188
Nurul Tatarahmi,5,2026-05-02 06:38:16,mudah,neutral,0.4868941605091095
Tri Widhiastuti,5,2026-05-02 06:30:12,semakin memudahkan,positive,0.8662135004997253
Bilqies Syafiq,5,2026-05-02 06:25:03,membantu banget,positive,0.822746217250824
MUKHLIS,5,2026-05-02 06:16:30,ok,negative,0.9930064678192139
Ayu arini sugiarti,1,2026-05-02 05:53:39,"kenapa si masalah kesehatan aja di persulit , knp hrus lewat aplikasi segala macem, kesehatan nyangkutin mslh nyawa(urgent), orng tua yg biasanya ke RS sndiri jadi gabisa karna ga ngerti pake hp, mana apknya burik lagi ga masuk masuk otp SMS nya, yg masuk cuma otp email, tolong dong jangan semuanya di persulit, mending normal lagi aja kaya dulu, ga semuanya hrus lewat apk, ga semua warga punya hp, ga semua warga ngerti hp, anak muda aja bnyk yg kesulitan dan keberatan, apalagi lansia?",negative,0.9978006482124329
Sofiatul Hasanah,1,2026-05-02 05:36:34,"aplikasi menyusahkan banget daftar salah""teros padahal semua udh sesuai",negative,0.9985247254371643
jamur krispi,1,2026-05-02 05:33:36,"update hari ini, saya kan lupa sandi. saya harap otp dan sebagainya masuk ke nomor tertera. ini sudah sesuai tapi kok tidak bisa ya. gagal terus notifikasinya",negative,0.8790988922119141
Ibrahim,5,2026-05-02 05:16:29,keren,positive,0.9939595460891724
Agus Aulia,5,2026-05-02 05:12:10,minta tolong kenapa tidak bisa merubah alamat,neutral,0.9021995663642883
Sumiati SPd,5,2026-05-02 05:04:03,Sangat membantu dan memudahkan saya dan keluarga,positive,0.9967465400695801
Francesca Judith,2,2026-05-02 05:00:01,ga bisa verifikasi no hp,neutral,0.9880734086036682
Untung Mulyono,5,2026-05-02 04:55:38,Dengan bantuan mobile JKN sangat membantu dan praktis bagi peserta BPJS.,positive,0.8310356140136719
mbach sopyan,5,2026-05-02 04:39:41,trimakasih pemerintah Indonesia,neutral,0.7041854858398438
Kefin Surya Maulana,5,2026-05-02 04:39:17,nice,negative,0.9419953227043152
ysur 1234,5,2026-05-02 04:33:58,"sangat puas appl jkn mobile ini,karena pelayanan pakai bpjs bi kesehatan ini ,sangat memudahkan pesertanya jika mengalami keluan atau sakit jika mau berobat ataupun mau rawat inap,trimakasih bpjs dan pemerintah ..",positive,0.9962849617004395
Ivan Maulana,1,2026-05-02 04:33:49,aplikasi pelayan kok gini amat minta kode verifikasi HP aja nggak di kirim sangaatt lemot pelayanan taik,negative,0.9992708563804626
Yono,5,2026-05-02 04:22:58,mobile jkn terbaik membantu banget,positive,0.9855133891105652
Sima Wijaya,3,2026-05-02 04:21:32,"cuma mau perbaiki kata sandi aja, ribetnya bukan main astaghfirullah astaghfirullah",negative,0.9990119934082031
Muhammad Dudung,5,2026-05-02 04:03:53,baik,positive,0.9268314838409424
Edi Rusmana,5,2026-05-02 03:43:34,baik,positive,0.9268314838409424
Dira Okta Erlinda,1,2026-05-02 03:43:31,"aplikasi banyak cacatnya, verifikasi wajah selalu gagal, email gabisa, sedangkan dari no tlpn ga dikirim otpnya, pas coba lagi malah billing eror, udh ikutin panduan, udh coba segala cara, sampai ganti hp pun tetep gagal, katanya mau mempermudah tapi verifikasi aja ribet, aplikasi sampah",negative,0.9983524084091187
Paulo Farid.10,5,2026-05-02 03:40:20,bagus,positive,0.7057405710220337
dhesen carlez Carlez,5,2026-05-02 03:36:57,good,positive,0.7422583699226379
Nur Agun,5,2026-05-02 03:36:24,𝒔𝒂𝒏𝒈𝒂𝒕 𝒃𝒂𝒈𝒖𝒔,positive,0.9821334481239319
bang uci sanusi,5,2026-05-02 03:34:45,terimakasih,neutral,0.6082684993743896
Sumini Timan,5,2026-05-02 03:22:48,bagus dan memuaskan,positive,0.9972405433654785
Joko Putro Martopo,5,2026-05-02 03:19:28,bagus....#capca(huruf) bagi kami yg SDH lansia cukup merepotkan,positive,0.7899013161659241
Mahfud,5,2026-05-02 03:14:57,mantabek,neutral,0.7282443046569824
Nelly Hadinata,1,2026-05-02 03:10:40,"ini apps aneh banget gak kek dlu, saya mau bikin janji temu aja susah banget, sdh ke rs dapat surat kontrol utk bln dpn tpi di jkn selalu gak muncul , pdhl surat rujukan masih 2 bln lagi. ini gimana mempermudah kalau gini aja apps suka error /bug.",negative,0.9977574944496155
Teguh Kusaini,5,2026-05-02 03:01:01,ok,negative,0.9930064678192139
Nova Ranggayo (GUSENG),1,2026-05-02 02:52:02,app yg tidak jelas kode otp gk bisa pas daftar no hp gk masuk² sudah beberapa kali coba dan ganti no juga sama saja buang² waktu download app ini gak guna,negative,0.9988389611244202
Zaelani Irfan,5,2026-05-02 02:49:58,good,positive,0.7422583699226379
Ferry Satrami,5,2026-05-02 02:46:17,pelayanan baik,positive,0.9874665141105652
Bang Rendy,1,2026-05-02 02:45:52,kode OTP susah,negative,0.9348369836807251
kampung fana,1,2026-05-02 02:43:34,"setelah pembayaran bpjs, update nya lama bngt, padahal mau di pake sekarang",negative,0.9752481579780579
Sabrow SM,3,2026-05-02 02:42:15,sekarang agak susah masuk ke apknya,negative,0.9871850609779358
heri kusdiyanto,5,2026-05-02 02:39:12,ok 👍,negative,0.9958726763725281
LASMINII,5,2026-05-02 02:37:40,sangat membantu sekali terimakasih,positive,0.9926974177360535
dina uswatun,1,2026-05-02 02:36:27,"haaahhhh ora masuk jkn susah masuknya bikin moodku berantakan ,,Mlah bikin emosiii aja",negative,0.9986653327941895
Hendra Arini,5,2026-05-02 02:28:32,sangat mudah,positive,0.9277675747871399
Agustinus Kusharyanto,5,2026-05-02 02:24:53,sangat membantu dalam kelancaran,positive,0.9943185448646545
Nugrawati,3,2026-05-02 02:24:08,"ni apk knpa si,minta kode verifikasi ke no hp gprnh masuk kodenya ditungguin lama gmasuk msuk",neutral,0.7515984177589417
haliima saidah,5,2026-05-02 02:21:41,membantu sekali,positive,0.6782652735710144
chev chellyoz,5,2026-05-02 01:58:39,ok,negative,0.9930064678192139
Cici sarba Sukari,5,2026-05-02 01:38:56,baik,positive,0.9268314838409424
Maman Rukmana,5,2026-05-02 01:36:18,Aplikasi berjalan dg lancar Terima kasih 🙏,positive,0.9793875217437744
Fatir Irsando,1,2026-05-02 01:26:13,kode OTP nya ga dikirim kirim,negative,0.9749345779418945
Husin Zubaidi,5,2026-05-02 01:10:53,sangat baik...tingkatkan dan pertahankan...,positive,0.9944652915000916
Rai Gunawan,5,2026-05-02 01:02:46,good,positive,0.7422583699226379
Putri Nova Dinata,1,2026-05-02 00:39:50,"aplikasi ga jelas,otp ga masuk masuk,ga bilang dari awal kalo password ga boleh pake spasi",negative,0.9953998923301697
Tridhan Poluruy,5,2026-05-02 00:34:18,Alhamdulillah sangat membantu,positive,0.9890835881233215
Heny Hendriyani,1,2026-05-02 00:14:39,yang bikin aplikasi ini anak SD atau pemula sih sebenernya ? bukannya mempermudah malah mempersulit,negative,0.9932810664176941
Lazarua Pit,5,2026-05-02 00:04:55,"GA BISA LOGIN, GAGAL MELULU! APLIKASI PAYAH!",negative,0.9530384540557861
GIGIH SUTANTO,5,2026-05-01 23:46:20,nyaman di gunakan untuk mengubah data,neutral,0.9844356775283813
Hery Janchok69,3,2026-05-01 23:42:37,aplikasi ga jelas,negative,0.9974931478500366
Humayra Wahyudin,5,2026-05-01 23:14:09,sangat membantu,positive,0.9828039407730103
Yasta Hadi,5,2026-05-01 23:08:32,👍👍👍,positive,0.48637816309928894
Siroj Alhadi,1,2026-05-01 23:01:47,"ngaco ini aplikasi pemerintah, bikinnya mahal tp banyak banget errornya. Tiap mau ambil antrian error, tiba2 log out mau log in lagi error, curiga ini duit buat ngembangin apk 20% sisanya masuk kantong masing2",negative,0.9981030225753784
Avrida Ariatun,2,2026-05-01 22:47:17,"_*LAMA3. NGESELIN SUDAH DIKASIH AKTIF ,EH TIBA3 DISURUH LOGIN. SUDAH DILOGIN GA BISA3,,PADAHAL SUDAH DIISI BENER , TAPI GA BISA3 JUGA DIBUKA...P E R CU M A ,,BIKIN. EMOSI,,NYUSAHIN RAKYAT UMUR 58THN Q..SUSAH & GA BISA DIBUKA JKN,,NANGGUNG BANGT PEDULIy*_",negative,0.915397047996521
Iyuk Rukmana,5,2026-05-01 22:39:10,lebih praktis,positive,0.5842766165733337
dimas apriwiantoro,1,2026-05-01 22:24:41,"aplikasinya terlalu ribet daftar harus lewat no hp tapi kode gak masuk² lewat sms, verifikasi wajah pun gagal terus untung bisa dilewati, nah kalau lewat email aman tolong donk diperbaiki aplikasinya bukan malah memudahkan ini malah bikin sulit 1 hp 1 akun padahal dalam 1 kk tolong donk untuk peserta anak bisa gabung sama ortunya jgn pisah² akun, kan tidak semua anak sudah punya hp",negative,0.9862765073776245
Suwung John,5,2026-05-01 22:21:35,sangat membantu,positive,0.9828039407730103
Muhamad Reza Budi Sr,1,2026-05-01 22:07:08,gk bisa masuk terus. alasan hp root. pdhl kd,negative,0.9929307699203491
IDAM LAS,5,2026-05-01 21:44:08,"tolong update lagi jknnya . biar tiap ada perubahan status pembayaran hasilnya langsung terlihat di aplikasi. kaya aplikasi brimo,shopeepay dll",neutral,0.8312543034553528
Abu Rizal Triputra,1,2026-05-01 21:23:50,"aneh banget ini aplikasi, padahal gua udah daftarin no hp sama email pas di suruh verifikasi lewat sms ga bisa karna nomor kosong, pake email ga bisa kosong juga terus pake muka gagal terus udah jelas2 pas daftar gua udah masukin nomor dan email lengkap, jadi ga bisa di pake ini apk kalo ga bisa verifikasi bangke 👎",negative,0.9985988736152649
Etheldreda H P Tuturop,1,2026-05-01 21:18:59,"jelek banget anjir. udh pernah login tapi suruh daftar lagi. trus pas daftar ulang akunnya lagi katanya nama TTL nya salah, padahal udah jelas² benar dengan KTP maupun KK",negative,0.9988008737564087
Adisuri astama,5,2026-05-01 20:52:05,oke,negative,0.907338559627533
Noer Casper,5,2026-05-01 20:29:37,"nih dah tak kasih bintang 6, masukin nomer gabisa terus gokkk",negative,0.9968311190605164
dony wahyu,5,2026-05-01 19:43:25,mantab,neutral,0.7853335738182068
Raja Muhammad Firman Akbar,5,2026-05-01 19:16:55,sangat di permudah... terima kasih,positive,0.9934893846511841
Noerani Sjampoerna,5,2026-05-01 18:45:09,terima kasih,positive,0.6136738657951355
ayi Asrizal,5,2026-05-01 18:38:27,sangat membantu,positive,0.9828039407730103
Revito claudioz,5,2026-05-01 18:13:33,oke,negative,0.907338559627533
Gatoloco87 Gatot,5,2026-05-01 16:58:57,bagus,positive,0.7057405710220337
Fenk Garden,5,2026-05-01 16:52:54,hebat,negative,0.8378187417984009
Nurhasanah,1,2026-05-01 16:41:47,"ribet banget gabisa verifikasi wajah gara2 no telpon beda, mau ubah no telpon harus verifikasi wajah dlu. Hadehh muter2. ujungnya hapus pengaturan akun mlh gabisa login sama sekali. Hubungin no sesuai arahan ga membantu",negative,0.9986605644226074
Septiadi Kiko,5,2026-05-01 16:13:41,sangat cocok untuk membantu memudahkan untuk kesehatan,positive,0.9904381632804871
Riskii Teet,1,2026-05-01 16:00:13,"aplikasinya rusak, sering terloguot sendiri. coba di loginin bacaannya gak terdaftar. coba registrasi ulang masa data gw gak cocok padahal nik tgl lahir udah sama semua hadeuhhh...ribet nya hidup di negara ini bukan mempermudah masyarakat malah bikin puyeng masyarakat",negative,0.9988276362419128
Ralas Rahmaddin,5,2026-05-01 15:46:54,mempermudah urus kesehatan,neutral,0.9703271389007568
Sony,5,2026-05-01 15:30:29,Lebih mudah mobile JKN,neutral,0.9301490783691406
Rachmat Hidayat,5,2026-05-01 15:05:25,Sangat bermanfaat dan mudah digunakan,positive,0.9878217577934265
Haryoto 10,5,2026-05-01 15:03:52,mudah di akses,neutral,0.9331690073013306
Ferry Aldi,1,2026-05-01 14:37:20,"server sampah kebanyakan dikorupsi, terus aja tiap hari mau buat akun ""permintaan anda tidak dapat diproses, silahkan coba lain kali""",negative,0.9984965324401855
Ajit Saputro,3,2026-05-01 14:28:04,"tolng ini adminya, no hp saya kenapa nggak bisa buat bikin akun, tolong lah di perbaiki",negative,0.9851999282836914
Ayu,5,2026-05-01 14:24:37,Mantap,positive,0.9892808794975281
RUANG ILMU CHANNEL,5,2026-05-01 14:16:39,aplikasi mudah digunakan,positive,0.7028805613517761
Dicky Fermana,1,2026-05-01 14:12:33,apk ribet,negative,0.9816401600837708
MUHAMAD DZULPA ARDIANSYAH,5,2026-05-01 14:07:59,pelayanan ramah,positive,0.6372735500335693
Erry Noviono,5,2026-05-01 14:06:45,Bagus sangat membantu,positive,0.964574933052063
Shinta Dhamayanti,5,2026-05-01 13:57:47,bagus,positive,0.7057405710220337
Ndaa Ndaa,4,2026-05-01 13:37:52,apknya bagus,positive,0.9851461052894592
Edeltrudis Owa,5,2026-05-01 13:02:31,bagus,positive,0.7057405710220337
amaliansyah,5,2026-05-01 12:56:30,sangat membantu masyarakat perihal kesehatan,positive,0.9795793294906616
Kazami Azure,1,2026-05-01 12:46:00,aplikasi pembodohan kirim kode otp gak bisa server gak pernah di perbaiki,negative,0.9972508549690247
Khofifatul Laily,5,2026-05-01 12:43:26,bagusss,positive,0.9156324863433838
Meiling Angel,2,2026-05-01 12:33:37,bosen banget keluar sndri mulu,negative,0.9988508224487305
Isma Wati,1,2026-05-01 12:27:10,"KENAPA HARUS AUTODEBET SIH?!! ITU KENAPA GAK ADA TULISAN NON-AUTODEBET AJA? PILIH NON BANK GAK BISA LAGI. KEMARIN UDAH MASUK, INI SAYA MAU NGE CHECK VA NYA BUAT BAYAR MALAH GAK BISA LOG IN!! ASTAGHFIRULLAH GIMANA DONG?!!!",negative,0.9953578114509583
Muh Faudzan. S,1,2026-05-01 12:24:52,kode OTP nya gak masuk kalau lewat Nomor,negative,0.9528476595878601
Atun Tina tun Tina,3,2026-05-01 12:00:10,untuk pembaruan tiga aja dulu,neutral,0.9763820767402649
Uto Jumanto,5,2026-05-01 11:57:49,ok,negative,0.9930064678192139
Usmara B,5,2026-05-01 11:54:26,good,positive,0.7422583699226379
HidayatNur,1,2026-05-01 11:36:37,"aplikasi bobrok, ngirim kode SMS otp lama banget",negative,0.9986635446548462
Tomat Sondem,1,2026-05-01 11:34:48,di aplikasi keluarga terdaftar semua email udh di ganti sama semua tapi tidak muncul juga saat liat kartu yg terliat cuman kepala keluarga tolong dong di perbaikin aplikasinya jangan menyusakan,negative,0.9825356006622314
Andrian Ciber,1,2026-05-01 11:29:44,apk proyek nga jelas bukan nya mempermudah tapi malah mempersulit banyak sekali kendalan nya setiap kali mau ambil antrian online,negative,0.997725784778595
Panji Wicaksono,1,2026-05-01 11:19:42,woey ini bikin aplikasi gajelas mau verif nomer sama email aja susah nya minta ampun,negative,0.9986929297447205
Arya Suta,3,2026-05-01 11:18:55,anak saya tidak terdaftar di aplikasi JKN padahal sudah saya daftarkan apa sebabnya?,negative,0.878539502620697
Yazid Afgan,1,2026-05-01 11:18:45,tolol,neutral,0.37192845344543457
Jajang Fauzi,5,2026-05-01 11:11:57,sangat bagus ada y aplikasi JKN,positive,0.9828260540962219
Angga Pad12,1,2026-05-01 10:58:11,"kode sms gak masuk""",negative,0.9073954820632935
Indri Yani,5,2026-05-01 10:48:02,sumpahh kenapa pas mau otkp nomer di tunggu SMS malahh gaada udahh coba berkali kali tetep gaada,negative,0.9986346364021301
Pebi Harmonis,5,2026-05-01 10:43:59,ok,negative,0.9930064678192139
Deni Ajadah,5,2026-05-01 10:40:35,mantap,positive,0.9755426049232483
abdul wahid,5,2026-05-01 10:28:43,Pendaftaran kesehatan jadi mudah,neutral,0.9546521902084351
Wong Deso,5,2026-05-01 10:17:49,mantap,positive,0.9755426049232483
rajif fahmi,5,2026-05-01 10:07:28,sukses,positive,0.8526352047920227
Ijum E,5,2026-05-01 09:56:58,"baru x ini nemuin aplikasi pemerintah yg mudah di akses dan tak berbelit Belit dalam menggunakan nya,mantap terimakasih",positive,0.9938185811042786
Edi Prawira Simanjuntak,5,2026-05-01 09:51:15,mantap,positive,0.9755426049232483
Tasyiem Sanjaya (bokap Tasyiem),5,2026-05-01 09:41:55,semoga bermanfaat buat kita semua..,positive,0.7900253534317017
Bang Arhan,1,2026-05-01 09:34:59,"apk budget mahal hasilnya diluar nuril definisi ada yg susah ngapa cari yg gampang, sms otp ga sampe2 gmn mah daftar juancukkk",negative,0.9805816411972046
Kusumayasa _3,1,2026-05-01 09:11:02,"aplikasi gajelas bisa""nya kesehatan konoha pake aplikasi ini gajelas trus gagal login sudah cari tutor sana sini sudah ikuti dari 0 ttp gabisa",negative,0.9989843964576721
Er Dan,1,2026-05-01 08:57:15,aplikasi ndableg.. Slalu keluar sndiri..,negative,0.9979384541511536
Azmi Alhakim,1,2026-05-01 08:42:10,"Ribetnya astaga, udah jadul, sering eror. Kerja yang bener napa.",negative,0.9978480339050293
muhammad thoriq,1,2026-05-01 08:40:27,Verifikasi wajah gagal terus tanpa ada alasan. Buat aplikasi nya yang bisa verifikasi wajah tanpa ribet gagal terus,negative,0.7863304615020752
Komang Arsa,5,2026-05-01 08:27:57,mantap,positive,0.9755426049232483
Gatot Subroto,4,2026-05-01 08:23:16,"susah daftarnya, mau masuk vertifikasi otpnya gak ada balasanya.",negative,0.9969690442085266
mad Growi,5,2026-05-01 08:19:48,gak bisa dibuka,negative,0.5697430968284607
Fatchul Kirom,2,2026-05-01 08:11:40,"masa harus login terus tiap buka aplikasi tiap beberapa hari sekali, bikin ruwet saja gak bisa langsung tersimpan loginnya, masa tiap mau daftar harus ganti paswort",negative,0.9882932305335999
Achmid Arif,4,2026-05-01 08:08:49,"sangat membantu sekali,, di saat pasien sdg darurat,, kita bs daftar via online lewat jkn,, trmks.",positive,0.776277482509613
marlina ana,1,2026-05-01 08:00:39,"aplikasi ngawur, tidak bisa login dan harus daftar autodebit. padahal bank dan layanan lainnya masih terbatas. kalau tdk punya bank nya apa harus bikin akun bank lain hanya untuk bayar BPJS. perbaiki sistem yg mengharuskan autodebit hanya untuk login aplikasi kalau belum bisa ALL BANK",negative,0.994880199432373
Muhamad Abdul,1,2026-05-01 07:57:23,apk ga jelas susah untuk daftar kode otp ga muncul nunggu sampe tua jga ga muncul,negative,0.9924773573875427
Dwi Lestiani,1,2026-05-01 07:46:55,"verifikasi wajah susahnya minta ampun tu knp sih? dari semalem sampe sekarang gagal terus, pindah tempat sampe panas panas jg tetep gabisa, ganti hp juga masih gabisa, trus maunya tu apaaa?????",negative,0.9987261891365051
Wulan Channel,5,2026-05-01 07:44:59,sangat berguna.. tak perlu ke kantor lagi untuk ubah faskes,positive,0.8575603365898132
IRAWAN JEJAK,1,2026-05-01 07:29:29,apknya kurang baik.. rekam wajah gak bisa terus... kenapa gak ada perbaikan,negative,0.9976261258125305
eddy wamese,5,2026-05-01 07:24:10,sangat bagus dan berguna,positive,0.9959942102432251
Kacang Tanah71,5,2026-05-01 06:52:26,pelayanan bagus tapi banyak kendala sistem di aplikasi jkn,negative,0.9971842169761658
gin gin ginanjar,3,2026-05-01 06:51:41,kalo bisa.harus nya urusan rujuk merujuk jangn di kaitkan ke akun jkn mobile.sekalinya ganguan jkn mobile.se indonesia ga bisa di rujuk ke rs.langsung ajah tingkat pkm langsung dengan rs jika ada rujukan.jangn harus masuk dulu jkn mobile.biar ga menghambat yang semestinya cepat cepat mau berobat.yg memprsulit nya adalah cara daftar jkn mobile.sngat sulit.kenapa ga di permudah.,negative,0.9786898493766785
Nur puji,5,2026-05-01 06:51:27,sangat bagus,positive,0.9966251850128174
galih fergus rizky,5,2026-05-01 06:41:58,mantap. apps sudah berkembang,positive,0.9114829301834106
Wandaa TraderFX,1,2026-05-01 06:41:22,pas verifikasi wajah di tolak terus di bilang sistem sedang ada kendala kurang personil kamu ya di Sana,negative,0.9699500203132629
Neng Sarni,5,2026-05-01 06:38:38,baik,positive,0.9268314838409424
Bang Hen,1,2026-05-01 06:38:16,minta otp tidak pernah ada balasan di coba berapa kali tetap tidak ada makin di update makin parah ni aplikasi,negative,0.9988901019096375
ANGGA JAKARIA,1,2026-05-01 06:31:59,apk sampah login/daftar aja susah heran sama anggran nyangkutnya kemana. mending hapus aja di apk gk ada kemudahan sama sekali,negative,0.998820960521698
Delisa Riyani zafira,1,2026-05-01 06:23:02,bintang satu aja udah berapa puluh kali daftar tetep aja gagal di verifikasi wajah yang bener kalau bikin aplikasi kalau tidak bisa mendingan jangan ada sekalian,negative,0.9978252649307251
reihan ns,5,2026-05-01 06:21:42,sangat membantu,positive,0.9828039407730103
Tarmiji Taher,1,2026-05-01 06:15:38,aplikasi yg sangat menyusahkan login susah ngirim kode ke no hp hapir 3 menit di tambah gagal terus sayah kasih bitang 1 malah gk usah di kasih bitang,negative,0.9987665414810181
Muhammad Kholilullah,5,2026-05-01 06:14:51,bagus,positive,0.7057405710220337
Dhuwek Warwor,5,2026-05-01 06:14:01,"saya keluarga pasien anggrek 7b,BP kirmono selama dirawat puas dg pelayanan ,perawatnya ramah2",positive,0.9952765703201294
Setiono Agus,1,2026-05-01 06:10:46,pindah faskes aja gagal2 mulu,negative,0.9954110980033875
Syahrial Iyank,5,2026-05-01 06:10:16,👍,negative,0.5378079414367676
Henny Seniwati,1,2026-05-01 06:01:52,JKN bikin kesel br daftar kembali blm ada 1 mgg dah keluar lagi srh dftr lagi. dr dl bgni nih jlk nya aplikasi JKN. tolong donk di perbaiki knp hrs keluar tiba2.,negative,0.993377149105072
la adi,1,2026-05-01 05:57:00,padahal di gaji buat bikin apk ini tapi kayak sumbangan gak gak jelas,negative,0.9988101720809937
Anur (Nui),2,2026-05-01 05:54:44,"parah untuk registrasi saja sangat sulit, apa apa selalu dipersulit",negative,0.9987707734107971
N Lastri,1,2026-05-01 05:39:25,"loba pisan gangguan na aduh jkn teh kumaha, aplikasi teu di buka log out sorangan ,terus kata sandi poho edek di ganti kode otp na teh kana email eweh kana sms eweh. kumaha sih meni asa loba pisan gangguan na, tolong lebih di perbaiki lagi. buat lebih mudah yahh tolong🙏",negative,0.9960719347000122
absensi berahlak,1,2026-05-01 05:32:26,mobil jln tidak bisa memverifikasi wajah.tolong di benahi.karna dengan aplikasi mobil jkn syarat rujuk merujuk di sana,negative,0.9895257949829102
M Y Trisna S,1,2026-05-01 05:32:24,"aplikasi dajal, sistem rumit sekali, bapak saya lupa sandinya mau verifikasi lewat nomor hp tidak ada masuk ke sms, mana captcha nya sangat rumit untuk sekelas orang tua",negative,0.9972078204154968
NANA YUSRILYANA,1,2026-05-01 05:31:44,daftar malah gagal terus gimna inj ..malah suruh coba lagi aja terusssss,negative,0.9953515529632568
Khusnul Hidayati,1,2026-05-01 05:29:03,aplikasi buatan pemerintah selalu jancookk,positive,0.9312113523483276
Nuztia Tinur,1,2026-05-01 05:25:56,aplikasi apaan ini gak jelas mau daftar aja susah sekali sampe berkali2 gagal trus pdahal kuota pulsa full sinyal lancar,negative,0.9985693693161011
Abdul Mukti,5,2026-05-01 05:22:59,Sangatt membantu,positive,0.9821025133132935
ITS DUWIQ,1,2026-05-01 05:19:56,lupa kata sandi mau ubah susah bgt...kode konfirmasi ga di kirim2... aplikasi broken,negative,0.9955337047576904
Gasa Nenjagra,5,2026-05-01 05:19:52,sangat memuaskan dan pelayanan sistem yang sangat cepat,positive,0.9948769211769104
Amanda Tia,1,2026-05-01 05:16:10,"verifikasi wajah selalu eror, aplikasi sampah nyusahin",negative,0.9974920749664307
Jati Hatijah,1,2026-05-01 05:13:12,"pelayanan parah mau login ajah susahnya minta ampun apk selalu ke logout otomatis,mau rubah data dipersulit udah call 165 diarahin kepandawa..udah chat Pandawa responnya lama banget belum dpt solusi pihak Pandawa sudah mengakhiri chat..tolong jangan dibikin repot begini .",negative,0.9991920590400696
Frida Riyandari,1,2026-05-01 04:55:36,"Susah digunakan, saat daftar no hp gagal berkali-kali.",negative,0.9982971549034119
Dwi Syam,1,2026-05-01 04:54:45,"knapa ya diindo kl urusan teknologi,kayak ga becus. aplikasi kok gak jelas bgt. malah ribet. rata2 pada keluh yg sama. tapi gak diperbaiki. orng pinter IT disini pada kabur keluarnegri. disini gak dihargai.makanya yg buat apk kayak anak magang.",negative,0.9988561868667603
Amres robindra,5,2026-05-01 04:54:08,mempermudah banyak hal terimakasih layanan mobile JKN,neutral,0.5490053296089172
Siti farida Nurjanah,5,2026-05-01 04:48:37,pelayanna bagus,positive,0.9972708821296692
mansuren saputra,5,2026-05-01 04:42:35,Mobil jkn untuk mempermudah dalam mengakses semua informasi yang menyangkut dengan bpjs kesehatan,neutral,0.9557410478591919
Muhammad Al alif Hutama,5,2026-05-01 04:29:33,ok,negative,0.9930064678192139
Arya Dwi Saputra XII TKR1,1,2026-05-01 04:29:22,di aplikasi tertulis setiap tanggal 10 baru ada tagihan pembayaran tapi ini baru tanggal 1 udah ada tagihan,neutral,0.9568279385566711
iqbal guerra,5,2026-05-01 04:20:01,Very good,positive,0.6919478178024292
Fatur Raza,1,2026-05-01 04:17:32,APLIKASI GAGUNA DAFTAR JKN BIKIN RIBETTTT,neutral,0.9773312211036682
Reni Oktavia,5,2026-05-01 04:13:50,sangat membantu,positive,0.9828039407730103
Irfan Syah,1,2026-05-01 03:51:18,Mentang' mau brobat pake bpjs jadi di persulit fto pake muka senyum kedip kanan kiri tetep aja gabisa harus ulang'!!.,negative,0.9985607266426086
Ilham Abenk,5,2026-05-01 03:45:02,sangat mmbantu lah pokok xa..,positive,0.9798500537872314
Muhammad Mu'min,1,2026-05-01 03:44:27,tidak bisa mengambil no antrian dan susah untuk login,negative,0.7176915407180786
Udi Mas,5,2026-05-01 03:43:49,"kenapa harus masuk dari awal terus, terlalu lama untuk pengguna yg sudah lanjut usia harusnya kalau sudah pernah masuk ya aktif terus biar bisa langsung dipakai, maaf menurut q itu bug yg perlu dipertimbangkan",negative,0.9846189618110657
Inddry Novianty,1,2026-05-01 03:39:11,TOLONG DONG BUAT SEMUA YG DI BIDANG KESEHATAN JANGAN APA-APA TUTUP! ORANG LAGI SAKIT BUTUH PENANGANAN MALAH TUTUP TAPI DI APLIKASI TERSEDIA!!!!,negative,0.9980121850967407
Marleni,2,2026-05-01 03:34:10,mau verivikasi wajah aja susah bngt gak bisa2,negative,0.9925267696380615
Cahyadi Arry,1,2026-05-01 03:28:36,"ini itu gagal trus, mau berobat di bikin susah,",negative,0.996906578540802
Panjestar,1,2026-05-01 03:28:13,"sekelas aplikasi pemerintah sejelek ini, mau daftar aja eror terusss, susah bener hidup di indonesia ini untuk berobat saja",negative,0.9992702603340149
Roh Ayah,5,2026-05-01 03:17:42,sangat membantu dalam proses kesehatan,positive,0.9898622035980225
Rangga Maulana,1,2026-05-01 03:17:28,apk apa ini jelek banget verifikasi muka udah bener tetep aja coba lagi coba lagi,negative,0.9986322522163391
Miftahudin Miftah,5,2026-05-01 03:10:40,bagus,positive,0.7057405710220337
Revs you heart,1,2026-05-01 03:10:15,"aplikasi mobile jkn ini sangat buruk tidak membantu lupa email minta kirim nomor kode otp kartu mesti ada pulsa,,",negative,0.9977102279663086
nia kurniawaty,5,2026-05-01 03:05:54,sukses melakukan perubahan data 👍🏻,positive,0.5427675247192383
Luthfia Salsabilla,5,2026-05-01 03:03:33,Keren,positive,0.9821565747261047
hao mie,1,2026-05-01 02:52:18,"gabisa, mau cek aktif tidaknya BPJS pas di scan muka gabisa terus sudah coba berulang",negative,0.9746403694152832
SHABGY GT,1,2026-05-01 02:34:05,hadehhh,negative,0.9976407289505005
Bojong Genteng,5,2026-05-01 02:33:56,membantu,negative,0.4875025153160095
FARHAN HASBI ANSHARI,1,2026-05-01 02:32:56,aplikasi gajelas mau ambil antrian gagal terhubung ke server terus udah berapa hari masih sama aja gagal terhubung ke server rumah sakit aplikasi aneh mempersulit ga membantu sama sekali!!!!,negative,0.9993664622306824
Rezky Firmansyah,1,2026-05-01 02:32:31,"katanya daftar lebih di permudah, mana ada.. ini di persulit parah, mau verifikasi wajah gagal² terus.. gk guna banget bikin apk, gk tau orang lagi butuh kalo² ada keperluan mendadak di RUMAH SAKIT/PUSKESMAS yg di minta itu data dari JKN ini.. tolong di perbaiki, jangan cuma mau untungnya aja🙏🏻",negative,0.9984654188156128
Ahmad Nurkhotim,5,2026-05-01 02:24:56,semoga sehat,neutral,0.743816077709198
Yayah Ruhiyah,5,2026-05-01 01:55:32,sangat membantu dengan ada nya jln mobile,positive,0.9864330887794495
Okti Dwi Novita Faradina,5,2026-05-01 01:52:49,sangat membantu sekali,positive,0.9771620631217957
Riyan Saputra,5,2026-05-01 01:48:34,mantap,positive,0.9755426049232483
Muhamad Afifudin,1,2026-05-01 01:46:43,aplikasi gak ada manfaatnya gk bisa buat akun kaya tokaii,negative,0.9977442026138306
Rohit oit,5,2026-05-01 01:43:05,sanggar baguss,positive,0.9692097306251526
Novia Ramdani,1,2026-05-01 01:41:37,gak jelas error terooooosssss,negative,0.9973111152648926
Muhammad Deril Syailendra,1,2026-05-01 01:38:14,APLIKASI SAMPAH MEMPERSULIT,negative,0.645588219165802
el rachanun,1,2026-05-01 01:27:24,"kamera verifikasi nya di miror, kenapa co?? kalau bukan karena buzzer dah ratting bintang 1 nih apk",positive,0.8509922027587891
Eru Prama,1,2026-05-01 01:09:30,Parah Ngk bisa digunakan beda Provinsi (Dinonaktifkan) harus ganti data alamat sedangkan Kk masih alamat lama (3 orang) di suruh ngurus ke provinsi tempat asal,neutral,0.9531400799751282
Steven Jago valorant,1,2026-05-01 01:03:39,tolong lah diperbaiki itu sistem kode otp nya udah nunggu berapa jam gak ada masuk ke chat sama juga sering eror dan di suruh coba lagi aneh banget ini sistem bobrok,negative,0.9993677735328674
Nadia,1,2026-05-01 00:59:56,mau login dipersulit gajelassss,negative,0.9987251162528992
Sopi Ariyanti20,5,2026-05-01 00:48:00,Alhamdulillah Sangat membantu,positive,0.9889377355575562
Amril Hamzah,5,2026-05-01 00:43:45,bagus sangat membantu,positive,0.9922399520874023
Muh zainal#026,1,2026-05-01 00:42:49,cuman minta kode OTP aja sampai sekarang gak di kasih.terus waktu tunggu kirim ulangnya juga lama 300 detik.udah 10X gw ulang gak di kasih kode verifikasi nya,negative,0.9978680610656738
Jhoni Ponsen,1,2026-05-01 00:34:52,aplikasi panipuaan yg cuma ingin mendapatkan nik dan data orang lain hati -hati buat yg lain,negative,0.992030143737793
Putri Imaniar tanjung,5,2026-05-01 00:29:41,sangat membantu,positive,0.9828039407730103
Sri Hendrayanti,1,2026-05-01 00:28:11,sdh ngikutin petunjuk ga bs log in..seharusnya memudahkan bkn menyulitkan,negative,0.9592660665512085
Yoga Hari,5,2026-05-01 00:25:01,jossss,negative,0.8237385153770447
Zutien -,5,2026-05-01 00:06:57,Perubahan Faskes 1 bisa dilakukan di aplikasi,neutral,0.9971936941146851
Eka Mey,5,2026-05-01 00:00:18,trimakasih ya aplikasi nya sangat membantu.. terus bisa di gunakan yaaa 🙏😙☺️☺️☺️,positive,0.9646621942520142
Agus Prasetyo,1,2026-04-30 23:58:57,"makin kesini makin ribet dan susah di pake, tiap login gagal, disuruh daftar dari awal.. giliran daftar ga bisa.. Di betulin napa..",negative,0.9970356225967407
Kamu Oppo bingits,1,2026-04-30 23:57:50,Ferivikasi wajah ga bisa bisa giliran bisa suruh coba lagi,negative,0.9624319672584534
putut wijanarko,1,2026-04-30 23:52:39,"kenapa susah banget buat ganti password, apakah akun saya sudah di blokir, mana bantuannya jangan bales ulasan dengan template otomatis",negative,0.989996075630188
ASEP SETIAWAN,5,2026-04-30 23:48:48,Memudahkan peserta,negative,0.4526871144771576
Taka no neeD.,1,2026-04-30 23:38:01,registrasi gak bisa mulu gajelas,negative,0.9831026196479797
Dzaki Jack,5,2026-04-30 23:32:29,bagus aplikasinya dan sangat bermanfaat,positive,0.9968043565750122
Nurhasan Romla,2,2026-04-30 23:30:17,"kode otp kok tidak dikirim, padahal kartu aktif, pulsa juga ada, tolong lah jangan dipersulit untuk daftar",negative,0.9296430349349976
Edy Santoso,5,2026-04-30 23:28:10,sangat membantu untuk merubah data peserta dan mencari klinik terdekat,positive,0.8301607370376587
Reski Bahtiar,1,2026-04-30 23:27:25,"lupa pasword ,,gak bisa login email gak bisa no telp sdh mati mau daftar baru gk bisa krn sdh terdaftar rumit amat indo indo",negative,0.9672524333000183
PLANET OLAHRAGA,1,2026-04-30 23:18:13,he tolongg verifikasi wajah nya di permudah bosssss,negative,0.5374507904052734
Bayyinati qodriyah Arrahma,5,2026-04-30 22:56:41,"Sangat membantu, mudah dimengerti",positive,0.8909903168678284
Dwi Nur,5,2026-04-30 22:51:44,nice,negative,0.9419953227043152
aryoshow 1994,5,2026-04-30 22:49:31,good,positive,0.7422583699226379
Adrelia Mulyawati,2,2026-04-30 22:42:00,"Ini mobile jkn kenapa jadi begini sih, mau ganti faskes 1 aja harus pakai verifikasi muka lalu gagal terus, pas pilih lewat pin masih gagal juga. Tiap bulan saya bayar ontime loh, kenapa jadi dipersulit gini sih buat mindahin faseksnya? padahal mau dipakai buat lahiran akhir bulan ini.",negative,0.9964136481285095
Edi Sudaryanto,5,2026-04-30 22:35:07,aplikasi yang sangat bagus,positive,0.9960416555404663
lubna abdullah,5,2026-04-30 22:32:11,pelayanannya sangat bsgus dan tidak dipersulit,positive,0.9974483251571655
Zain_ Arrijal13,2,2026-04-30 22:11:48,"hapus aja sistem bobrok gini apa2 verifikasi wajah, mending lgsg bner udah ngikutin intrusi Ampe Teleng' susahnya minta ampun metode cara lain kek",negative,0.9982006549835205
Taufik Taufik,1,2026-04-30 22:09:41,APK ANEH,negative,0.9360523223876953
Dedy Kurniawan,4,2026-04-30 22:07:09,ok,negative,0.9930064678192139
Putri Kamidia,4,2026-04-30 22:05:11,sangat bermanfaat dan juga lebih mempermudah masyarakat 😇🤍,positive,0.9941685199737549
joko sutrisno,5,2026-04-30 21:05:41,lebih cepat responnya,positive,0.7166407108306885
Novan Pratama,5,2026-04-30 21:04:27,mantappp! sangat membantu untuk berobat,positive,0.9834738373756409
Bram ram,5,2026-04-30 20:52:22,"Aplikasi ini sangat baik banget, luar biasa...",positive,0.9641538262367249
Dewi Fitri,2,2026-04-30 20:49:08,"tolong donk aplikasi pemerintah jgn dipersulit,udh 3 HR ngurus"" bgnian ga kelar"" smpe pusing saya,sya masuk diaplikasi mobile JKN ga bisa ktanya akun blm trdftr,pas sya dftr ktanya akun sudah trdftr,pdhl saya menggunakan aplikasi ini sudah LMA,tp knp skrng JD bgni,tolong diperbaiki lg sistemnya,jgn BKIN orang pusing.",negative,0.9970165491104126
Muhammad Maulana,5,2026-04-30 17:45:52,sangat terbantu untuk kami yang kaum duafa..,positive,0.9531542658805847
Hanna Bangun,5,2026-04-30 17:16:07,bagus sekali,positive,0.9705556035041809
Eftim Joni pratama,5,2026-04-30 17:11:10,mantap layanannnya,positive,0.9926714897155762
Anisa Maulita,1,2026-04-30 17:00:57,gak keluar2 kode verifikasi nya mau daftar,neutral,0.6064638495445251
Dirga Alinsky,1,2026-04-30 16:14:57,"apaan nih aplikasi. keluar logout sendiri katanya masuk di perangkat lain. udah gitu sekarang mau masuk kaga bisa. erorr ,gangguan dll . mau cek BPJS jadi susah",negative,0.998421311378479
Haya Khafizah,2,2026-04-30 15:49:13,"mau mendaftar saja susah, verifikasi muka selalu gagal padahal sudah mengikuti arahan, tolong diperbaiki lagi, agar tidak mempersulit",negative,0.9967072606086731
Putra Pakpahan,1,2026-04-30 15:40:48,login aja susah banget aplikasi pemerintah,negative,0.9984063506126404
اند مرؤن ادج,5,2026-04-30 15:38:14,sudah kasih bintang lima tapi tolong buat isi nomor hp kok sudah isi nomor lengkap tapi masih belum lengkap gitu balasannya,negative,0.8488848805427551
Romli Hasan Wahab,5,2026-04-30 15:17:27,Alhamdulillah sangat menyukai,positive,0.9960275888442993
Yorry Arif,1,2026-04-30 15:01:38,"Data not found. Sering banget kek begini. Datanya anomali. Yg pake berjuta2 umat. Perbaiki dong aplikasinya, bikin mudah klik klik. Ga pake ribet. Kadang kebaca, kadang data not found. Ribet amat",negative,0.9871329069137573
Tosca Biruhijau,1,2026-04-30 14:58:00,"mohon dibaca, bukan malah membuat cepat prosesnya, sekarang malah ribet. pake otentikasi wajah yang selalu gagal. lebih enak versi yang sebelumnya, cukup password atau pin sbnernya. untuk aplikasi yang sekarang justru membuat ribet",negative,0.9763575196266174
Muhamad Iftar,1,2026-04-30 14:47:14,aplikasi paling busuk,negative,0.9876692891120911
Gesti Lilipory,5,2026-04-30 14:38:01,sangat baik,positive,0.9900143146514893
Nurul Kusuma Dewi,1,2026-04-30 14:33:49,sama kayak gendala lain otp tidak masuk,negative,0.8533035516738892
edi pirman,5,2026-04-30 14:12:26,"semakin hari semakin parah, dari layanan nya sampe APL nya, sungguh memprihatin kan",negative,0.9958756566047668
drie_,1,2026-04-30 14:11:08,"aplikasi gepuk,susah banget login,kode error melulu bikin frustasi",negative,0.9977735877037048
Fajri,1,2026-04-30 14:10:59,aplikasi eror di pertahankan,negative,0.7584519386291504
Hry,5,2026-04-30 14:07:11,ok,negative,0.9930064678192139
Muhammad Safuan,3,2026-04-30 13:53:31,bagus,positive,0.7057405710220337
TRI ATMADIAN,3,2026-04-30 13:47:26,sering offline pas butuh,neutral,0.5727220177650452
Sudarsih Gawang,1,2026-04-30 13:34:33,semakin dipersulit,negative,0.9940294027328491
Chaerul_ Rahman,1,2026-04-30 13:31:54,"Tolonglah kepada pihak jkn jangan dipersulit untuk mengirim kode otpnya, mohon kebijakannya, klo gini pengguna bisa kecewa",negative,0.9966205358505249
Anisa Nfs,1,2026-04-30 13:16:22,ini gimana mau masuk gabisa gini tiba tiba keluar ajah!!!!,negative,0.9985913634300232
Hafidz Adim,1,2026-04-30 13:15:49,"APLIKASI BANYAK BUG-NYA, MAU AUTO DEBIT AJA ERROR TERUS, SERING DOWN SERVER.. SAMPAH LAH",negative,0.905144453048706
dwiayu rosvitayanti,5,2026-04-30 12:58:09,Bagus,positive,0.991636335849762
Billy F.,1,2026-04-30 12:51:04,"mau ganti faskes tingkat 1 susah, face recognition gajelas, udah coba berkali2 tetap gabisa, padahal sudah ngikutin instruksinya. beda sama face recognition aplikasi bank jauh lebih baik",negative,0.9721002578735352
bil ly,5,2026-04-30 12:40:38,sangat membantu,positive,0.9828039407730103
akun.belajar,1,2026-04-30 12:37:57,"aplikasi jelek, padahal jaringan ku bagus2 aja tpi gagal terus karna koneksi. sring log out trs kata sandi salah padahal aku ingat sandi ku, klau mau masuk hrus klik ""lupa kata sandi"". kode otp juga ga masuk2, perbaiki dong aplikasi nya min",negative,0.9963629841804504
aji widagdo,1,2026-04-30 12:29:50,"1. menu perubahan data peserta ga bisa dipakai...developer ayo perbaiki 2. proses daftar akun dan login ribet,, pakai sms untuk otp,,, ga modern ,,,sekarang aplikasi lain bisa pakai beragam alternatif cara kirim otp misalnya pakai whatsapp ayo masih jauh dari sempurna nanti kalau sudah sempurna saya kasih 5 bintang",negative,0.9965883493423462
Irsyad Irsyad,1,2026-04-30 12:19:37,kode OTP tidak di kirim² sudah saya tunggu 2 kali selama 600 detik tetap sama tidak dikirim aplikasi tidak jelas cocok untuk bintang satu TIDAK REKOMEN BANGET 🤦🏽‍♂️,negative,0.9991387128829956
Heni,1,2026-04-30 12:09:26,SUSAH BANGET MAU LOGIN PADAHAL PASSWORD SUDAH BENAR!!!!!!!,negative,0.9958096742630005
Sutan Emirsyah Thaher,2,2026-04-30 11:52:18,"Aplikasi sering banget bikin akun logout sendiri, padahal beberapa hari sebelumnya udah login. Ketika dicoba login lagi, malah gak bisa diproses. Udah capek-capek login lho, sampe cari data NIK yang panjang. Aplikasi pemerintah kok begini banget? Ini bukan sekali atau dua kali lho. Ayo ditingkatkan dong!",negative,0.998863935470581
Arief Yuwono,1,2026-04-30 11:48:44,butuh perbaikan segera aplikasi tidak bisa dibuka. ada tulisan aplikasi tidak bisa dibuka karenadi root.padahal saya tidak pernah root,negative,0.9543673992156982
a iki,1,2026-04-30 11:44:41,gabisa mulu eror mulu sistem ofline mulu,negative,0.9968364238739014
Rustono Tono,5,2026-04-30 11:43:17,sengaja kasih bintang 5 kalo ga niat bikin aplikasi jangan bikin menyusahkan masyarkat aja,negative,0.9945430755615234
Julita M,1,2026-04-30 11:41:13,"verifikasi wajah gagal terus, ini aplikasi yg buat anak sd ya? tugas prakarya? sudah banyak ulasan jelek bintang 1 malah ga di perbaiki, susah memang produk pemerintah!",negative,0.9978893399238586
t͓̽e͓̽r͓̽a͓̽ v͓̽i͓̽r͓̽g͓̽i͓̽n͓̽i͓̽a͓̽,2,2026-04-30 11:41:13,ko punyaku log out sendiri..... sekaeang mau log in ga bisa.....,negative,0.9924252033233643
Diva Putri,1,2026-04-30 11:38:34,"susah buat daftar, verifikasi wajah susah, masukin no HP otp nya LAMA BNGT, ribet bngt buat berobat doang daftar nya",negative,0.9972423315048218
Semuel Pala'langan,1,2026-04-30 11:33:27,autentikasi wajahnya rusak/ jelek,negative,0.9976990818977356
AL'pin Jr,1,2026-04-30 11:30:59,aplikasi kagak jls mau daftar aja susah nya minta ampun.,negative,0.9983617663383484
SUHERMANTO,1,2026-04-30 11:27:23,"izin tanya donk admin.... istriku kena asam lambung sudah hampir 2 bulanan dari awal puasa itu, periksa juga sudah sering dikasih pun juga sering. penyakit tidak pas 2 bulan sakit nggak tapi kadang kambuh, dicek ke fktp juga sudah sering kadang enak an seminggu habis itu kambuh lagi. akhirnya aku punya inisiatif mau tak bawa ke spesialis saja istriku barang kali memang ada yang ganggu kesehatan nya dari dalam, pikir mu dikasih ternyata sama dokternya gak dikasih rujukan",negative,0.9798333644866943
RIDHO OCTORADIKA,1,2026-04-30 11:27:19,MENYUSAHKAN UNTUK DAPATKAN KODE OTP SUSAH BANGET APLIKASI BOBROK!!,negative,0.9988272786140442
Putu Suryanatha,5,2026-04-30 11:23:54,👍👍👍,positive,0.48637816309928894
Zaimi Nur,5,2026-04-30 11:06:57,mantap...,positive,0.9813117384910583
feni rahma,1,2026-04-30 11:02:38,tidak bisa ubah faskes mana ngatur agar wajah masuk tu sulit.. sangat tidak bersahabat bagi yg minus.. stelah gagal verifikasi wajah dicoba pake pin juga gagal.. tolong bikin anggaram buat aplikasi kesehatan jangan hanya kaos kaki 100k to motor listrik buat mbg,negative,0.994284451007843
tuti rahmawati alawiyah,1,2026-04-30 10:37:32,aplikasi mumet,negative,0.5077490210533142
Dwi Atmini,5,2026-04-30 10:36:51,mudah dan akurat untuk digunakan,positive,0.6527058482170105
Agustian Guyeza,5,2026-04-30 10:34:43,aplikasi mobile JKN sangat membantu,positive,0.9880537390708923
Yogi Girda Dwiyanto,1,2026-04-30 10:20:21,"tolong integrasi sistem otp ke wa saja, sms udah ga relevan. lama ga masuk masuk",negative,0.977058470249176
Le o,1,2026-04-30 10:10:38,"apapun aplikasi dari pemerintah pasti banyak kekuranganya, ampas. mau daftar ambil antrean fakses 1 lemot trs ada Tulisan maaf permintaan anda tidak dapt di proses. aplikasi buatan pemerintah emang agak lain",negative,0.9851011037826538
ryan afriyanto,2,2026-04-30 10:08:35,tolong perbaiki lagi aplikasi nya. ambil nomer antrian aja harus nunggu lama. sampai mau habis surat rujukan dari RS! dan sering eror eror ketika dibuka!,negative,0.9986769556999207
sauli lu,4,2026-04-30 10:03:01,skrg lg bermasalah,negative,0.9942500591278076
Rahma Irwan Saputro,1,2026-04-30 10:00:10,"Aplikasi tambah mempersulit, banyak errornya",negative,0.9981672763824463
Muhammad Muslih,5,2026-04-30 10:00:05,sangat simpel n tidak ribet,positive,0.989950954914093
Bambang Supeno,2,2026-04-30 09:53:16,tak turunin bintangnya.gak bisa real time.halaman muka status non aktif.di ketuk ikon ada rincian peserta aktif.ini gimana,negative,0.9853218793869019
Tijani Wisattsani,5,2026-04-30 09:52:18,josjis,negative,0.7807124257087708
Aril Febrian,1,2026-04-30 09:49:42,apk eror minta otp ga masuk²,negative,0.9832752346992493
Ahmad Rais Zakky,1,2026-04-30 09:46:07,Benerin,negative,0.9973055124282837
Allen Pratama,5,2026-04-30 09:45:30,Bagus,positive,0.991636335849762
Adi Mubin,1,2026-04-30 09:41:31,"mau log in aja susahnya kebangetan, nunggu capcah sampe 1 jam ga muncul muncul, padahal lagi dibutuhkan untuk berobat",negative,0.9946240782737732
SRI WAHYUNI,3,2026-04-30 09:40:52,"TOLONG PETUNJUK! Kenapa akun ku selalu keluar, tiap mau digunakan pasti sudah log out lalu login lalu log out lagiii, capee tau log in mulu!!",negative,0.9970136880874634
nugroho yulian,1,2026-04-30 09:40:04,"nggak bisa masuk, tiba tiba akun keluar sendiri",negative,0.981988251209259
opapoy,1,2026-04-30 09:39:52,"sampahhhhhhhh sesampah sampahnyaaa. mau login aja harus capca capca gajelasss, kediteksi capca salah mulu lagi. ditambah mau daftar antrian tingkat satu tapi gada jadwal dokternya. dikit dikit eror lagi anehh.",negative,0.9993171691894531
Nitsuga,1,2026-04-30 09:38:06,nih server apa gk di perbaiki susah bner masuknya loadingnya lama pula pdahal internet udha ngebut buat streming,negative,0.5788242220878601
Yasak irawan,1,2026-04-30 09:35:59,aplikasi GK jelas Uda data Uda bener malah gagal trus,negative,0.9889167547225952
Aiiu Alwasi,1,2026-04-30 09:35:24,mau chekin kontrol malah aplikasinya logout sendiri dan susah di akses. aneh,negative,0.9986353516578674
Amenk CINTA NKRI,1,2026-04-30 09:33:35,aplikasi nya lemot gajelas,negative,0.9992944002151489
Muhamad Rizal,1,2026-04-30 09:33:16,"Aplikasi nya payah sekali, masa klo mau masuk selalu keluar akun sendiri dan harus masuk lagi sangat mengganggu banget sangat sangat mengganggu payah",negative,0.9992479681968689
Yuni Wahyuni,1,2026-04-30 09:32:32,"𝗴𝗶𝗺𝗻𝗮 𝘁𝗼 𝗶𝗻𝗶,𝘀𝘂𝗱𝗮𝗵 𝗴𝗮𝗻𝘁𝗶 𝗽𝗮𝘀𝘄𝗼𝗿𝗱 𝗺𝗮𝗹𝗮𝗵 𝗴𝗸 𝗯𝗶𝘀𝗮 𝗺𝗮𝘀𝘂𝗸,𝗲𝗺𝗮𝗶𝗹 𝘀𝘂𝗱𝗮𝗵 𝗯𝗶𝘀𝗮 𝗺𝗮𝗹𝗮𝗵 𝗴𝗸 𝘀𝗲𝘀𝘂𝗮𝗶 𝗳𝗼𝗿𝗺𝗮𝘁 𝗮𝗸𝘂 𝗷𝗮𝗱𝗶 𝗽𝘂𝘀𝗶𝗻𝗴 𝘀𝗲𝗻𝗱𝗶𝗿𝗶....𝗽𝗮𝗱𝗮𝗵𝗮𝗹 𝗱𝗮𝗿𝗶 𝗸𝗮𝗻𝘁𝗼𝗿 𝗯𝗽𝗷𝘀 𝘀𝘂𝗱𝗮𝗵 𝗱𝗶𝗮𝗸𝘁𝗶𝗳𝗸𝗮𝗻 𝘀𝗲𝗺𝘂𝗮 𝗹𝗼𝗵...𝗺𝗮𝗹𝗮𝗵 𝗱𝗿𝗶 𝗷𝗸𝗻 𝗺𝗼𝗯𝗶𝗹𝗲 𝘀𝘂𝘀𝗮𝗵 𝗺𝗮𝘀𝘂𝗸𝗻𝘆𝗮.....",NEUTRAL,0.0
Muhammad Yusuf,5,2026-04-30 09:31:19,tolong ini jaringan gua bagus tapi im say sorry kalau ruangan server kalian jelek minta tolong di upgrade lah ruangan data kalian server kalian jaringan gue bagusloh knp mau login mau daftar susah teknologi dh canggih di jaman skrg knp hal seperti ini spele bgt di lakuin,negative,0.9987427592277527
اليف شرفوالدين,2,2026-04-30 09:30:52,"aplikasi sering ngelegg saat daftar ataupun masuk,tolong di perbaiki,masa orang membutuhkan harus terhambat sama maslah aplikasi,di perbaiki dong,jangsn dana nya aja di korupsi",negative,0.9972719550132751
Rizky Juniawan,1,2026-04-30 09:29:48,sudah masukan kode gatcha bener malah di blg salah sistem mempersulitttttt!!!!,negative,0.9984886646270752
Andri S,1,2026-04-30 09:29:48,tolong ya di perbaiki kode captcha angkanya yang jelas jangan bertumpuk2 kalau yang ngecek orang yg udah tua tidak kelihatan,negative,0.9814673066139221
Imanuel Patandean,1,2026-04-30 09:28:31,apk mempersulit pasienn,negative,0.9974422454833984
ALFAREZA NURFAUZI,3,2026-04-30 09:27:39,wey benerin lah gw lupa password..udh kasih No HP nunggu kode OTP masa GK dikirim kirim kek mana lah kalian kerja ny,negative,0.9671392440795898
Hadi Prayitno,2,2026-04-30 09:26:48,bagus tapi disayangkan sisa antrian tidak update dan tambah kesini tambah lemot,negative,0.9749484062194824
MINI ONE,1,2026-04-30 09:26:07,"aplikasi gak jelas sering nongol kata""PERMINTAAN ANDA BELUM DAPAT DI PROSES,SILAHKAN MEMCOBA BEBERAPA SAAT LAGI.MOHON MAAF ATAS KETIDAK NYAMANAN ANDA"". dasar aplikasi bosok....bukanya mempermudah malah nyusahin...gwe BPJS bayar bukan pemerintah yang nanggung😡😡😡",negative,0.998306155204773
doni efendi,1,2026-04-30 09:23:52,aplikasi apaan ini daftar aja susah Gini... salah terus captcha nya .. kalau ngak salah captcha nya ngak keluar,negative,0.9944778680801392
Adi Wibawa,5,2026-04-30 09:23:39,"sudah terdaftar kemudian tiba tiba ada notifikasi untuk upgrade,beberapa kali masukin captha gagal terus!!!! mohon diperbaiki!!!!!!",negative,0.9923921823501587
rachmayatma adit,1,2026-04-30 09:23:34,aplikasi beta,neutral,0.9946510195732117
Nanda Ramadani,1,2026-04-30 09:20:41,"aplikasi aneh, uda betul katanya salah",negative,0.9912859797477722
Tusi Aprianti,1,2026-04-30 09:19:53,"aplikasi lemot,payah,sering error👎👎",negative,0.9950177073478699
Thomas Tulus,5,2026-04-30 09:18:56,sangat membantu utk keluarga saya yg sering keluar kota dalam waktu 3bln lebih,positive,0.9457391500473022
vimeyy chan,1,2026-04-30 09:17:56,"aplikasi sering eror, ngga bisa login, kadang log out sendiri, bikin kesel deh, saran coba diperbaiki apk nya",negative,0.9972081780433655
Aris Adit,5,2026-04-30 09:17:26,sangat membantu,positive,0.9828039407730103
Marwan Mawardi,5,2026-04-30 09:15:58,sukses selalu berikan yang terbaik untuk kita,positive,0.989523708820343
hidayati ali,5,2026-04-30 09:14:56,bagus sangat membantu,positive,0.9922399520874023
iwan riswana,1,2026-04-30 09:13:50,"susah login mau brrobat juga jadi susah, sapii",negative,0.9979497790336609
Ay Swastika,1,2026-04-30 09:12:42,kenapa log out sendiri giliran masuk lagi masa password salah...ngerepotin orang sakit aja,negative,0.9992608428001404
ANGGI PS,1,2026-04-30 09:12:23,sampah,negative,0.9709339141845703
Syahrul Ramadhan,1,2026-04-30 09:11:53,"tolong lah ya kalo udh login bisa gak gak ush reset lagi disuruh login, jujur aja ribet. sama satu lagi buat apa di pasaang fingerprint? terus sama aja gak bisa masuk, tolong otak nya dipake ya, bikin ribet aja, tiap mau cek malah disuruh login lagi isi data lagi terus ada fingerprint nya tapi gak bisa buat login masuk(bagi yg terkena reset).",negative,0.9984873533248901
Syafiq Craft,1,2026-04-30 09:10:58,"baru mau daftar tiba² log-out/login ulang,mohon diperbaiki bugnya terima kasih",negative,0.8039024472236633
Aat Gaming,1,2026-04-30 09:05:49,min ini aplikasi banyak banget bug nya suka kekuar akun sendiri lemot gak efisien banget padahal daftar rs lewat sini,negative,0.9983236193656921
Putra Bungsu,1,2026-04-30 09:05:44,BEDUL BIKIN CEPTAH NYA YG BENER,negative,0.9965018033981323
Abdil Band,1,2026-04-30 09:02:44,sekrining ribet bikin layanan lambat membuat yang pasien nunggu lama bikin yang sakit makin parah.apa gk bisa bikin apk yang simpel dan cepat. ini berkaitan dengan nyawa banyak orang .malah bahaya pakek APK ini kalau gak prosesnya cepat dan tepat,negative,0.9973963499069214
dwi sucahyo,1,2026-04-30 08:59:18,aplikasi apa ini menyusahkan masarakat saja tidak bisa login nungu otp ngak masuk masuk aplikasi macam apa ini,negative,0.9989064931869507
Annisa Shafira,2,2026-04-30 08:59:09,Aplikasi sering EROR ketika Akhir bulan dan Awal Bulan,negative,0.6094789505004883
edi asspwkerto,5,2026-04-30 08:58:38,koneksi bagus,positive,0.983623206615448
Antoni Toni,5,2026-04-30 08:58:36,terimakasih,neutral,0.6082684993743896
Badut Noob,1,2026-04-30 08:58:19,ga jelas banget ni aplikasi berkali kali dibilang salah captcha padahal udah jelas2 bener. tolong diperbaiki bugfix nya!,negative,0.9986391663551331
Zahrotul Fitri,5,2026-04-30 08:56:39,ok,negative,0.9930064678192139
Nanang prasetyo,1,2026-04-30 08:54:21,tidak ada tanggapan apapun,negative,0.9205979108810425
ozan kasep,1,2026-04-30 08:54:10,gk perlu binTang lima...mau daftar ajah susah..udah masukin No hp baru...gk bisa.. opline trus..masa tiaphari opline...gk jelas...knpa masyarakat sllu dipersulit..heran gw,negative,0.9967633485794067
Iis Kartika,3,2026-04-30 08:51:14,"login sendiri mulu, keseringan jd nya bosen masukin akun terus.. tolong lah jangan keseringan login, ribet jadinya.. maaf aku kasih bintang 3 karna kurang puas 🙏",negative,0.9966784715652466
Brian Reppi,5,2026-04-30 08:49:28,baik,positive,0.9268314838409424
Maryati Hermawan,5,2026-04-30 08:48:31,good,positive,0.7422583699226379
Muhammad Sahiri,5,2026-04-30 08:46:58,maksimal untuk tetap menjaga kesehatan rakyat Indonesia,neutral,0.5789428353309631
Sriwidiyati Driver,5,2026-04-30 08:39:01,suka sekali dan sangat membantu,positive,0.9957270622253418
Wisnu Benny,4,2026-04-30 08:32:05,lumayan daripada lumanyun,positive,0.9723104238510132
Putu A S,5,2026-04-30 08:30:26,"keren, praktis, membantu sekali",positive,0.9857653975486755
Tari Ayu,5,2026-04-30 08:03:55,"cepat,tepat,mudah",positive,0.8438095450401306
abu uwais,5,2026-04-30 08:02:38,sangat bermanfaat,positive,0.9849794507026672
Heru Biyanto,5,2026-04-30 07:50:29,Bismillah. sama dg yg lainnya.,negative,0.7771852612495422
Alinka Lawrence,5,2026-04-30 07:42:21,"bagus, cuma kadang agak lemot",positive,0.8612020015716553
Faishal Abdulhadi,5,2026-04-30 07:38:23,SMS OTP GA MASUK!,negative,0.9828139543533325
M. IBNU RAMADHAN FIRMAN,5,2026-04-30 07:35:08,Baik dan cepat,positive,0.9066601991653442
Indi Lestari,1,2026-04-30 07:31:36,"ini kalo yang berobat orang tua yg gak melek teknologi, dan dgn kondisi gak ada keluarga yg bisa tolong atau lagi jauh untuk daftar JKN mobile ini,, bisa bisa gak ketolong.. perbaikilah kalo gak mau menyusahkan banyak orang",negative,0.9434368014335632
Zaky_kmdn,5,2026-04-30 07:27:28,Sipp👍,positive,0.5677815675735474
cok oka winaya,5,2026-04-30 07:25:51,Flexible,negative,0.7598350644111633
Katharina Kamina,5,2026-04-30 07:24:44,okkk,negative,0.9954368472099304
077_Rahman Hamsurya,1,2026-04-30 07:24:30,tidak tepat memberikan sisa nomor antrean,negative,0.9884997010231018
HAWATI,5,2026-04-30 07:23:19,baik,positive,0.9268314838409424
rezki yadi,5,2026-04-30 07:12:22,aplikasinya bagus,positive,0.9957526922225952
FANS VR#46,5,2026-04-30 07:09:26,baik,positive,0.9268314838409424
Nasi Uduk,1,2026-04-30 07:05:34,"lebih di perhatikan dong, masa bisa tiba tiba log out, ribet ngurus daftar nya lagi",negative,0.9978863596916199
Suho Prometheus,1,2026-04-30 07:01:35,OTP nya lama banget keluar.,negative,0.9964560866355896
Suryani Herfitarr,4,2026-04-30 06:51:13,sangat baik,positive,0.9900143146514893
Siti Nurul Hikmah,3,2026-04-30 06:47:49,sangatbaik,positive,0.9220085740089417
Rara Griting,5,2026-04-30 06:45:50,good,positive,0.7422583699226379
Gabriel Iwan Wardhana,5,2026-04-30 06:43:45,memudahkan rakyat ...terimakasih jkn terimakasih pemerintah ....🙏🙏🙏,positive,0.9840919971466064
Nour Hajrieaah15,5,2026-04-30 06:35:11,Kebantu banget dgn adanya aplikasi JKN,positive,0.9768117070198059
M. Rhn,5,2026-04-30 06:33:34,Bagus dan informatif,positive,0.6633774638175964
Famfam Fumfum,5,2026-04-30 06:13:02,best,positive,0.9308090209960938
Indra Wahyudi,1,2026-04-30 06:09:46,"susah buat daftar ,dr verifikasi wajah ,yg lebih parah verifikasi nomer telpon ,udah kirim ulang no otp nya sampe 200 detik lama banget",negative,0.9986135959625244
Jamilah Iskandar,5,2026-04-30 05:55:41,cukup membantu buat keluarga saya dan gampang di gunakan,positive,0.9952520132064819
kusman Hariyanto,5,2026-04-30 05:55:10,aplikasi engga jelas udah masukin masih salah terus tolong di perbaiki jadi nyusahin,negative,0.9982932209968567
Amel Liyah,5,2026-04-30 05:50:56,sangat puas,positive,0.9911750555038452
Maftuh Alnur,5,2026-04-30 05:38:01,sangat membantu..aplikasi juga lancar jaya tanpa lemot..mantapppp,positive,0.9936741590499878
Umy Fadilah,1,2026-04-30 05:30:39,"kok ga bisa dibuka yh apk'y, pdhal mau buat dftr kontrol ke rs",neutral,0.6877490878105164
aab uzwah,5,2026-04-30 05:28:31,baik,positive,0.9268314838409424
Dadi Rosadi,5,2026-04-30 05:22:43,"tolong untuk masalah log ini nya di perbaiki lagi, saya sudah masukan nik dan pasword benar.. TPI keterangannya nik salah",negative,0.8801237344741821
ILMAM SYIHABUDIN,1,2026-04-30 05:14:57,"mempersulit banget, udah nurut make ni app buat check up malah errornya keterusan. it nya kemanasih apa gadigaji pemerintah",negative,0.9988841414451599
yusan sains,1,2026-04-30 05:05:45,"hai tim BPJS.. kalian jgn menikmati gaji aja, hal seperti ini harusnya ditanggapi dan diperbaiki.. masak udah banyak komen jelek dibiarkan sampai berlarut, meluncurkan apk yg sangat amat gak berguna, katanya mempermudah tapi hasilnya riview komen jelek sekali apk ini sampah dan gak berguna, dan dibandingkan apk lain lebih mudah untuk daftar/login..",negative,0.9984304308891296
E-book Terkini,5,2026-04-30 04:59:21,aplikasi pelayanan kesehatan terbaik,positive,0.8719868063926697
Arman Da,5,2026-04-30 04:49:52,good aplikasi,neutral,0.9053823351860046
aip 2806,5,2026-04-30 04:39:03,sangat membantu,positive,0.9828039407730103
wagi yanti,4,2026-04-30 04:29:48,mudah di gunakan dan bagua,positive,0.8938831686973572
Mokhammad Yasin (Yassinero),5,2026-04-30 04:18:42,mudah digunakan,neutral,0.9271052479743958
jaka kusuma,5,2026-04-30 04:15:22,ok,negative,0.9930064678192139
Adinda Cahya,5,2026-04-30 04:12:05,terima kasih,positive,0.6136738657951355
Herry Achmad,4,2026-04-30 04:00:13,"sistem perekaman wajah masih belum optimal, karena harus menunggu beberapa saat untuk foto 😅.",negative,0.8139928579330444
Lia Michael,5,2026-04-30 03:58:28,"untuk pelayanan di mobile JKN ini sangt cepat, dn sangat membantu skli, smga kdpnny akn trs mempermudah",positive,0.9816847443580627
Ariffudin,5,2026-04-30 03:54:32,sangat bermanfaat bagi kesehatan tubuh,positive,0.9910043478012085
Sri Haryati,1,2026-04-30 03:51:52,"verifikasi OTP tidak terkirim tolong dong bpjs di perbaiki udah3 hari du ulang""tetep nga di kirim percuma gaji banyak nga becus buat aplikasi",negative,0.9979071617126465
Amir Daeng,5,2026-04-30 03:38:59,aplikasinya bagus,positive,0.9957526922225952
Rokok Era,1,2026-04-30 03:38:54,"pengiriman kode otp lemot, mau urus online aja susah",negative,0.9961152076721191
Kemon Candra,5,2026-04-30 03:30:41,oke,negative,0.907338559627533
Rika Hasjayanti,5,2026-04-30 03:29:31,lebih tepat dan akurat dalam melayani masyarakat setulus hati,positive,0.9871282577514648
Bewok Poncoy,2,2026-04-30 03:28:01,"kode otp via SMS kaga masuk masuk gimana ini udah dari lama kaga ada perkembangan, tolong lah di perbaiki",negative,0.9843692779541016
ALFAREL SAFRIL,5,2026-04-30 03:21:36,sangat baik,positive,0.9900143146514893
M,5,2026-04-30 03:13:30,sangat membantu,positive,0.9828039407730103
Fadil Abiyan,5,2026-04-30 03:03:22,aplikasinya mudah digunakan,positive,0.8430061340332031
Hayati,5,2026-04-30 02:50:13,sangat membantu,positive,0.9828039407730103
Didi Karnadi,5,2026-04-30 02:50:06,ok,negative,0.9930064678192139
Nurasma Rasyid lelahi,5,2026-04-30 02:46:09,cepat,positive,0.6432821750640869
Tini_ channel,4,2026-04-30 02:44:02,gak bisa masuk,negative,0.9214006066322327
Martina Sulastri,5,2026-04-30 02:42:08,sangat membantu sekali dengan menggunakan mobile JKN ini semoga semakin ditingkatkan kwalitasx,positive,0.9893094301223755
Albi Iis,1,2026-04-30 02:40:33,"aplikasi sampah, kode otw ngga pernah masuk",negative,0.9919638633728027
Elhan Zakaria Official,5,2026-04-30 02:33:57,sangat membantu kami masyarakat Jakarta,positive,0.9780248403549194
Abdullah Bedull,5,2026-04-30 02:31:36,sangat cepat,positive,0.9623708128929138
She Cho,5,2026-04-30 02:30:02,"kadang bagus ,kadang bingungke 🙏",positive,0.5553517937660217
Selamet,5,2026-04-30 02:17:04,sangat terbantu dan terselamatkan dengan adanya kemudahan ini,positive,0.9960237741470337
Lisa Putong,5,2026-04-30 02:16:31,mantap,positive,0.9755426049232483
DM Squad,1,2026-04-30 02:02:54,kode OTP ga masuk masuk...lewat WA tidak dapat di proses.. payahh!!!!!!! pelayanan rusak,negative,0.9993805885314941
Nining Zada,5,2026-04-30 01:59:32,top👍,neutral,0.4804039001464844
fajar ari,5,2026-04-30 01:56:17,Ini kenapa otp nomer telpon nya dipersulit gini sih.. Aneh banget ini aplikasi,negative,0.9990853071212769
Sigit Suratno,5,2026-04-30 01:55:13,"mudah di akses ,",neutral,0.940509557723999
Wawan Setiawan,5,2026-04-30 01:47:33,sangat membantu terima kasih,positive,0.9940065145492554
Her vina,5,2026-04-30 01:47:16,semoga pelayanan JKN bisa lebih baik lagi untuk masyarakat seperti kami,positive,0.9282661080360413
Gunawan Defianto,1,2026-04-30 01:46:00,ribet,negative,0.9929829835891724
Andi Andi,1,2026-04-30 01:45:02,APK SAMPAH ORNG PGN BERBOBAT AJA DI PERSULIT LO . BANGKE,negative,0.9905089139938354
Weni Rohmiati,5,2026-04-30 01:39:10,"mudah, praktis, dan cepat",positive,0.9192617535591125
Radiel Ilham,1,2026-04-30 01:35:23,aplikasi cacaaatttt. mau daftar aja di persulit. minta OTP kga di kirim2. ga niat lo bikin apk. nyusain orang aja . bangke kesel gw,negative,0.9993450045585632
Moch Farreldio Arridlo,1,2026-04-30 01:33:31,aplikasi pemerintah selalu sampah lol,negative,0.9976373910903931
samsul Aja,5,2026-04-30 01:30:37,semoga membantu,positive,0.5928249359130859
Fauzi Hafiizh,5,2026-04-30 01:30:16,Bagus.,positive,0.8399918675422668
ANDREW ZULINOVIANSYAH,5,2026-04-30 01:22:31,Masih mantap,positive,0.9956343770027161
Gatot Titin,4,2026-04-30 01:16:12,sudah mendaftar untuk verifikasi wajahnya sll ga bisa Sampek capek,negative,0.924248218536377
Ansar Bediskara,5,2026-04-30 01:05:13,aplikasi terbaik,positive,0.9795985221862793
Kang Andika,5,2026-04-30 01:02:07,kebanyakan pertanyaan ini yang banyak..kenapa kode nya lama banget?jawaban nya adalah kamu nggak punya pulsa mangkanya nggak bisa muncul kode nya....harus ada pulsa baru bisa muncul kode nyaa...,negative,0.9735541343688965
roi logen,5,2026-04-30 00:57:22,pelayanan baik,positive,0.9874665141105652
Rifka Putri,5,2026-04-30 00:47:22,sangat membantu,positive,0.9828039407730103
Alya Nurfaridah,4,2026-04-30 00:43:23,"terkadang tiba"" log out padahal sering diakses",negative,0.9601269364356995
Nana Engkhos,1,2026-04-30 00:35:17,bagus,positive,0.7057405710220337
Radika Buma,5,2026-04-30 00:34:47,good,positive,0.7422583699226379
Takehiko Ipunk,5,2026-04-30 00:34:16,RUWET COK,negative,0.9552318453788757
Irhandy Santoso,1,2026-04-30 00:31:59,APLIKASI CACING KERMIH.... KALAU TAK SANGGUP BIKIN APLIKASI LEBIH TIDAK USAH.... NEGERI KORUP,negative,0.9969280362129211
Selvi Adinda grg vr 5rjeygrf cf4u4,5,2026-04-30 00:27:13,sangat membantu dan praktis,positive,0.9918062686920166
Kopi Sultan,5,2026-04-30 00:21:36,"aplikasi bagus tanpa gangguan, tanpa ribet, dan mudah di pahami",positive,0.990009069442749
Indrawan Sakti,5,2026-04-30 00:11:58,good,positive,0.7422583699226379
Ning Lestari,5,2026-04-30 00:09:23,"daftar sdh lancar sekarang, tidak ada kendala.. bagus, tingkatkan terus..",positive,0.7611520290374756
Yossie Urdayana,5,2026-04-30 00:07:29,sangat membantu,positive,0.9828039407730103
rizky ramadan,5,2026-04-29 23:53:12,"suruh daftar online kalau sakit udah daftar boro boro bisa daftar verifikasi nomor hpnya ga masuk masuk, susah ya kalau jadi orang ngarepin puskesmas",negative,0.9979466795921326
Danashter 22,5,2026-04-29 23:52:02,"aplikasi paling kntl ya ini, mau masuk susah nya minta ampun udh bener nik dan pasword masih aja di buat salahh, klo kagak bisa mempermudah jgn aneh"", ini mlah bikin sulit tongggg sampah emngg",negative,0.9976397752761841
zahra ainy,5,2026-04-29 23:46:58,mudah digunakan untuk mengubah tempat faaskes dan lainya,neutral,0.46194809675216675
Irfan Christianto,1,2026-04-29 23:39:17,Sudah melakukan pelunasan tunggakan tetapi status masih penangguhan.,negative,0.7372691631317139
Wildan Gifari,1,2026-04-29 23:38:42,lama gak dapat nomer verifikasinya yah tau kami rakyat miskin jadinya di tunda-tunda,negative,0.99828040599823
supri yanto,5,2026-04-29 23:32:39,"cepat mudah,terimakasih atas kemudahan layanannya",positive,0.9607836604118347
دفري أبو إحسان المطافيء,5,2026-04-29 23:08:34,Aplikasinya digunakan dengan akun pribadi kok malah terkunci. Klo bisa saya beri stengah bintang atau bisa komentar tanpa bintang maka saya komentar tanpa memberikan bintang.,negative,0.9962647557258606
Ifah Syamsiah,1,2026-04-29 22:48:42,"dari kemarin tidak bisa menerima kode OTP padahal jelas bahwa internet nya nyambung dan bisa digunakan dengan lancar,, giliran digunakan untuk mendapatkan kode OTP susah poolll mohon bantuannya untuk diperbaiki karena sangat penting 🙏🙏",negative,0.805353581905365
smosh channel,5,2026-04-29 22:45:34,siip,negative,0.5316086411476135
Noval Junaedi,5,2026-04-29 22:40:15,mempermudah proses,neutral,0.6568530797958374
Ahm Rif,5,2026-04-29 22:22:15,mudah digunakan,neutral,0.9271052479743958
Akun Youtup,5,2026-04-29 21:45:00,"semoga bermanfaat ,dan pelayanan lebih baik lagi",positive,0.980517566204071
Hironimus Ohoitimur,1,2026-04-29 21:33:15,"aplikasi abal-abal, mau masuk salah ini, itu, sana, sini....",negative,0.9984188079833984
Dedik Wahyu Kurnia,5,2026-04-29 21:24:11,"aplikasinya eror aja, g bisa d istall, mengapa setiap bulan harus cek in terus",negative,0.9975482821464539
Zoelf4r,5,2026-04-29 20:44:11,the best ⭐⭐⭐⭐⭐👍👍,positive,0.9943910241127014
Siswanto Coki,5,2026-04-29 20:40:47,terimakasih sudah membantu,neutral,0.8140370845794678
Deddy Adventure N Touring,4,2026-04-29 19:34:49,ok,negative,0.9930064678192139
Lina 19,1,2026-04-29 19:20:58,udah 10x masukin no hp buat registrasi gagal Terus!!!! kalah sama situs SLOT,negative,0.9988523721694946
Adi Eni,1,2026-04-29 18:59:51,kacau ngak bisa log in karna otp lewat imail ngak masuk lewat sms apa lagi .,negative,0.9967466592788696
Hendrik Susanoo,5,2026-04-29 18:58:15,good,positive,0.7422583699226379
Arsyila Yuan,5,2026-04-29 18:34:02,sangat membantu,positive,0.9828039407730103
Marsan Abet,5,2026-04-29 17:50:30,sangat membantu pelayanan terbaik,positive,0.9941790103912354
dobleh citi,5,2026-04-29 17:22:18,bismilah semoga bisa bikin BPJS karna sakit path tulang paha kaki,neutral,0.923771858215332
Siti Syadiyah,2,2026-04-29 17:04:01,susah kirim otp nya ke nomor nyaa gmna sihh,negative,0.9985130429267883
Sutin Firmanto,5,2026-04-29 16:30:35,good job,neutral,0.8527869582176208
San Lingsi,1,2026-04-29 15:55:02,aplikasi apa si ini udh daftr lewat no.hp kata y no sudah perna di gunakan.TRUS pakai no baru malah gk di kirim2 kode yh buang2 waktu buat daftar doang bukannya di permudah malah di persulit GAK JELAS.,negative,0.9989252686500549
Daniel Malawat,5,2026-04-29 15:49:39,manis,positive,0.9041000008583069
Ola Pelle,1,2026-04-29 15:21:27,"APK GAJELAS,PAS MAU VERIFIKASI DIBAGIAN NOMOR HP LAMA BANGET NUNGGUIN KODENYA. PADAHAL UDAH MASUKIN NOMOR HP YG SESUAI TAPI GAK MUNCUL KODE NYA!!! TOLONG DIPERBAIKI",negative,0.9948630928993225
Nanang Setiana,5,2026-04-29 14:53:16,ok deh,negative,0.9979502558708191
Mentari Noviana,1,2026-04-29 14:43:08,"aplikasi dibatasi cuma buat 3 akun , belum tentu yg namanya orangtua bisa pakai aplikasi ini . jadi sy sbg anak perlu mendaftarkan ortu kalau LG kontrol tp aplikasi gak bisa masuk krna tololnya sistem dibatasi 3 akun. tolong di permudah.",negative,0.9724331498146057
Titik Karlina,1,2026-04-29 14:36:32,"berulang kali minta di krim kode otp ke sms tidak pernah masuk, email juga tetap tidak bisa. TOLONG DI PERBAIKI.",negative,0.996644914150238
Teuku Muhammad Reza,5,2026-04-29 14:28:56,memuaskan,negative,0.609220027923584
Apoy Corner,5,2026-04-29 14:27:50,simple,positive,0.4843812882900238
Rizal Tri Mulya Arasyd,1,2026-04-29 14:25:12,otp sms nyaa mana anjeng,negative,0.8202376365661621
Bima Sena,1,2026-04-29 14:04:11,"aplikasi jelek, harus verifikasi nomer telp trus, berkali kali verifikasi gabisa ambil antrean",negative,0.9979426264762878
Iyon Saryono,5,2026-04-29 14:03:10,OK,neutral,0.46773210167884827
Dede Sanjaya,5,2026-04-29 13:59:03,jos gandos,neutral,0.8553141355514526
Andika Akmal,3,2026-04-29 13:56:32,"mau ubah segmen kenapa harus autodebet dulu sih? bisa gak sih buat ada pilihannya? pilihan banknya juga cuma empat, lah kan jadi kesulitan buat yang harus ngubah segmen",negative,0.9300372004508972
Cuanky,5,2026-04-29 13:42:24,Mantap 👍,positive,0.9919394850730896
Maryam,1,2026-04-29 13:40:18,aplikasi jelek dan gak guna,negative,0.9989364743232727
Dede Fahrisa,5,2026-04-29 13:37:50,"aplikasi yg sangat membantu masyarakat,,good jobs👍",positive,0.9976824522018433
siti Akhianuaini,5,2026-04-29 13:32:30,Dengan adanya BPJS sangat membantu saya pada saat proses persalinan sc,positive,0.862568199634552
Indra Saputra,4,2026-04-29 13:30:23,pelayanan cepat,positive,0.8174741268157959
Decky Kurniawan,5,2026-04-29 13:27:20,Siip,neutral,0.7216227650642395
Nova Iskandar,5,2026-04-29 13:26:33,mantaf komplit...,positive,0.5628933906555176
Yusuf Ibrahim,1,2026-04-29 13:26:02,aplikasi gak jelas.buang buang kuota aja.. dasaar gak jelaad ngapaain di kasiih bintang. gak sudi langsung saya apuus.,negative,0.9991613626480103
Nana Ananto,5,2026-04-29 13:24:33,pelayanan oke,positive,0.9306870102882385
Ahmad Pulungan69,5,2026-04-29 13:23:19,lancar,positive,0.42007312178611755
FARDIANSYAH AMIN,1,2026-04-29 13:15:54,"Mohon maaf, aku harus jujur untuk memberikan Rating terburuk untuk JKN Mobile. Dikarenakan untuk dapatkan download kartu bpjs sangat berbelit-belit. Harus hafal password aplikasi ditambah harus hafal pin, ditambah pengurusan verifikasi dan otp yang berulang-ulang",negative,0.9919359683990479
herman saputra,5,2026-04-29 13:06:09,isthebest,negative,0.8505222201347351
Ainul Yakin,5,2026-04-29 13:02:15,siip,negative,0.5316086411476135
Citra Wardhani,5,2026-04-29 12:50:43,"sangat memudahkan disaat pendaftaran ke faskes lanjutan, semoga kedepannya lebih baik lagi",positive,0.9825844168663025
Nur Hidayatul,5,2026-04-29 12:39:08,trbantu sekali dengan fasilitas kesehatan dan pengobatan yang baik,positive,0.9936663508415222
Ieza Hadi,5,2026-04-29 12:36:41,aplikasi yg mudah dan berkualitas untuk memulai pengobatan,positive,0.9870684146881104
Ninok Suci,5,2026-04-29 12:28:34,Pelayanan Terbaik Dari Mobile JKN. Terima Kasih.,positive,0.9370166659355164
Dargas arva,2,2026-04-29 12:19:50,"Gabisa bisa verifikasi otp , cek dong aplikasi nya berjalan lancar atau engga. padahal dibaca baca banyak yg kasih ulasan mengenai kode otp tapi gaada tindakan, ini niatnya mempermudah atau mempersulit? aplikasi nya diadakan tujuan nya buat apa? tolong dong ditinjau lagi",negative,0.9778769612312317
Wahyu Hidayat,5,2026-04-29 12:17:48,ok,negative,0.9930064678192139
Kartika Hasanah,1,2026-04-29 12:17:27,"malu malu in ,aplikasi Ini hampir dimiliki seluruh warga indonesia tapi performa nya jelek banget,kaya kurang niat bikin nya,banyak bug,HARUS LOG IN BERKALI KALI harus masukin captcha berkali kali,ngerepotin banget,Sidik jari juga yang tujuannya untuk memudahkan login susah banget tersimpannya,Ini gimana kerja developernya?kita disini costumer ngga gratis pake aplikasinya,Tolong ya point point diatas diperhatikan lagi,Ngerepotin,lama,waste my time.",negative,0.9987686276435852
feelgood 98,1,2026-04-29 12:13:21,"aplikasi jelek ,ladang korup gausah pake aplikasi segala",negative,0.9992936849594116
MEMED TARMEDI,1,2026-04-29 11:57:33,ribet banget mau login nya,negative,0.9988974332809448
Edy Susilo (Edy brewok),5,2026-04-29 11:57:09,"sangat membantu untuk informasi kesehatan mulai dari fasilitas,pelayanan, dan pengaduan",positive,0.951705813407898
Nina Inayah,5,2026-04-29 11:56:33,good,positive,0.7422583699226379
Yaw,5,2026-04-29 11:53:11,"Bagus, dan pertahankan ya",positive,0.6941893100738525
Vulon,1,2026-04-29 11:51:58,"kalo bisa kode otp nya jangan lewat sms soalnya susah masuk mending lewat wa biasanya langsung bisa, ini aku masih belum bisa daftar karena otp nya ngga masuk sama sekali udah nunggu bejam jam tetep ga muncul , kalo memang pengen buat aplikasi yang membantu orang jangan sampe nyusahin kek gini",negative,0.988666296005249
Bala Sumberan,1,2026-04-29 11:48:42,"Aplikasi sangat menyulitkan rakyat, Pemerintah atau siapapun yang berwenang tolong dipermudah terutama verifikasi nya",negative,0.9970040917396545
Risma Dewi Mujianti,5,2026-04-29 11:39:48,mudah untuk berobat sekeluarga,neutral,0.8805872797966003
Eko Mardianto,5,2026-04-29 11:37:29,ok,negative,0.9930064678192139
Hakuto San,1,2026-04-29 11:36:11,mau daftar aja susah kali otp aja ngk pernah masuk,negative,0.9945452213287354
Philips Sinaga,1,2026-04-29 11:34:42,"aplikasi ampas, Kode OTP ga masuk masuk, lewat gmail juga gabisaa",negative,0.9857315421104431
Ariel Nanda,4,2026-04-29 11:27:27,Bagus,positive,0.991636335849762
Mei fang Xu,5,2026-04-29 11:25:01,ok,negative,0.9930064678192139
traju tizz,1,2026-04-29 11:19:31,hp tanp root kok mala ada notif hp d root. tolong di perbaiki lagi. padahal hp saya tanpa root. niat banget nyusahin orang lagi sakit,negative,0.9984207153320312
Awe Jaya,5,2026-04-29 11:14:28,sangat bagus,positive,0.9966251850128174
Azhu Azha,1,2026-04-29 11:06:50,"verifikasi wajah sulit, via SMS gak bisa via email gak bisa. ribett, bukan nya makin mudah malah jadi susah buat berobat ke RS rujukan",negative,0.9840457439422607
Magrit Valenti,1,2026-04-29 10:58:50,"pelayanan buruk masa kode otp buat registrasi gak masuk2, kalo kya gini mah balik aja ke sistem jadul",negative,0.9992200136184692
Intan Putri,5,2026-04-29 10:55:12,baik,positive,0.9268314838409424
syarifah syarifah,4,2026-04-29 10:51:18,bagus,positive,0.7057405710220337
Gustino Athallah,1,2026-04-29 10:48:57,"jelek banget sistem deteksi wajah nya, semoga yang bikin di persulit hidupnya",negative,0.998786985874176
Juandi Lubis Official,5,2026-04-29 10:43:26,Berguna. Semoga semakin berkembang,positive,0.8716990351676941
AKHTAR GANTENG,1,2026-04-29 10:42:59,"aplikasi gajelassss, mau daftar akun aja ga bisa"" !!!",negative,0.999022364616394
fadli eka yandra,5,2026-04-29 10:39:26,"sangat membantu, aplikasinya mudah digunakan.",positive,0.9561999440193176
Ammed Wawai,5,2026-04-29 10:35:25,semakin keren dan mantab,positive,0.9941357374191284
Asmiati Asmiati,5,2026-04-29 10:24:27,mantap,positive,0.9755426049232483
Ramadon,4,2026-04-29 10:18:41,mntap,neutral,0.6879583597183228
Septyana Sylvie,5,2026-04-29 10:17:08,gud,negative,0.9594901204109192
rafli zaky,1,2026-04-29 10:12:12,jadi ribed kebanyakan foto,negative,0.9979885816574097
Ega wulandari,1,2026-04-29 10:09:28,"apaan ini aplikasi bikin kesal gakbtau orang butuh kah, kenapa begitu menyulitkan ? tolong lah aplikasi ini di perhatikan lagi sangat sulit menunggu notifikasi otp juga tetap gagal dan lain lain begitu banyak permasalahan nya susah juga di jelaskan secara tertulis begini, tolonglah aplikasi nya ?",negative,0.9984647035598755
Rama Dana-_-,1,2026-04-29 10:08:48,apk ga jelas udh verifikasi wajah jelas bngt tpi ga bisa ke verifikasi,negative,0.9932089447975159
Resna Yeni,3,2026-04-29 10:08:37,"aplikasi sering brmasalah tidak terhubung k server padalah jaringan internet oke, jadwal dokter di rumah sakit tidak sinkron dengan mobile jkn",negative,0.8550836443901062
Ziddane Dzafrand,5,2026-04-29 10:06:20,bagus,positive,0.7057405710220337
Raka athilla dhia izulhaq,1,2026-04-29 09:58:51,tidak bisa verifikasi no tlpn ribetnya minta ampun,negative,0.9722207188606262
Edya Rahman,5,2026-04-29 09:58:03,coba dulu,neutral,0.9479400515556335
BANG OY,1,2026-04-29 09:57:13,"aplikasi rusak ini, minta kode otp SMS aja gk masuk masuk setiap daftar gk bisa",negative,0.9958645105361938
Muhamad Dzuhri,5,2026-04-29 09:39:19,"sangat membantu, terimakasih",positive,0.9781252145767212
Margonohtg Margono,5,2026-04-29 09:34:37,sangat memudahkan saat berobat,positive,0.9849331974983215
Ruswanto Archman,5,2026-04-29 09:30:05,sangat bagus dan lebih mudah untuk pendaftaran,positive,0.9935112595558167
Matahari Bulan,2,2026-04-29 09:15:09,pada saat ganti pin kenapa sering keluar sendiri ... mohon di perbaiki..,neutral,0.6104241609573364
Kurnia Wardi,5,2026-04-29 09:07:35,mudah mengoperasikannya,positive,0.4050677418708801
Arfa Rizki,4,2026-04-29 09:07:14,ini kenapa 1 Minggu saya coba berulangkali buat verifikasi gagal Mulu. gimana mau daftar antrean? hadeh..,negative,0.9987406134605408
Abdul Gofur,1,2026-04-29 09:03:40,apk sampah babi,negative,0.9952717423439026
Sri Nurwanti,4,2026-04-29 09:01:57,"sudah downlot, setiap mau loging suruh daftar, no KTP sudah bener katanya salah ribet bener. beberapa minggu harus apdet. kalau lama gak dipakai berarti orangnya sehat. aplikasi pemerintah tp gak memudahkan rakyat pakai, apalagi yg pakai orang gua banyak yg gaptake. tolong minta diperbaiki gak usah kebanyakan apdet, kadang susah nyari anak2 muda lg pada sibuk.",negative,0.9981582760810852
Fadli Fadli,5,2026-04-29 09:01:49,baguss,positive,0.5640410780906677
Amanda Yuramadis,5,2026-04-29 09:01:14,sangat membantu,positive,0.9828039407730103
OPAJUNIOR SAVE,5,2026-04-29 08:55:41,"NIH BINTANG 5 BUAT APLIKASI UNTUK MEMPERSULIT DIRI, 1. SMS Otentivikasi Tidak bisa 2. Mau Ganti no HP tidak ada fiturnya 3. Aplikasi yang hanya bisa digunakan tuk satu orang, 4. Aplikasi hanya untuk orang berduit kasihan bagi orang yang tidak memiliki HP.",negative,0.9933372735977173
Agung Gumilar,5,2026-04-29 08:43:27,ok,negative,0.9930064678192139
Agustinus Minggu,5,2026-04-29 08:38:52,terbaik,positive,0.7626844048500061
Beni Sabrizal,5,2026-04-29 08:30:48,"sangat ramah petugas pelayanan keliling nya yg berlokasi di MTQ,pekanbaru ,Riau",positive,0.987106204032898
Rohadi Hadi,5,2026-04-29 08:24:23,mantap aplikasi,positive,0.9724578261375427
Has Mita,1,2026-04-29 08:24:19,"banyak kendala pada aplikasinya akun Jkn selalu log out sendiri, mencoba login kembali suda tdk bisa krna email dan nomor hp akun lama suda tidak dipakai. suda mencoba di pengaduan whatsapp tapi tidak ada solusi apa apa yang di kasih. sampai sekarang masi belum bisa login.",negative,0.9961159229278564
Rozi Muhammad,5,2026-04-29 08:18:27,good,positive,0.7422583699226379
Desi Rizki,5,2026-04-29 08:11:44,sangat membantu,positive,0.9828039407730103
Indah Sila,1,2026-04-29 08:03:48,"sulit sekali mau login . kode otp tidak masuk"". dikondisi terdesak log out sendiri . susah loginnya . mohon segera ditindak lanjuti aplikasinya .",negative,0.9965165853500366
Novi Bahrotul,1,2026-04-29 08:03:19,"aku akan ganti rating kalau udah bisa otp pakai whatsapp. soalnya otp pake sms itu susah wooy, perlu pulsa. dan sekarang jarang yang pake pulsa harus beli dulu. kalau bisa kedepannya bikin opsi pakai sms atau bisa pakai whatsapp",negative,0.8351569771766663
Agung Septyan,1,2026-04-29 08:02:15,"ngga guna, sudah dipercepat dan membayar bulan yang nonaktifnya untuk aktifkan karna butuh untuk secepatnya, malah gagal tunggu awal bukan, pemerintah makin tidak berguna",negative,0.998365581035614
Dimas wahyu,5,2026-04-29 08:01:28,nice mantep,positive,0.8463783264160156
Netizen Zavage,1,2026-04-29 07:54:18,"aplikasi tolol, daftar awal pakek no 1 gagal ngirim otp harus ada pulsa pakek no 2 yg ada pulsa masuk otp langung pendaftaran berhasil. sekarang mau rubah data malah yg terdaftar no hp yg 1 lagi.",negative,0.9920517206192017
Inoy,5,2026-04-29 07:53:35,bagus,positive,0.7057405710220337
Rustam Simon,5,2026-04-29 07:46:07,good,positive,0.7422583699226379
Said Kian,5,2026-04-29 07:42:11,"y, bgus",neutral,0.6535864472389221
CYBER NUSANTARA,5,2026-04-29 07:38:30,proses ny cepat,positive,0.4820966422557831
Ar Zenall,1,2026-04-29 07:28:56,"jelek,selalu out sendiri pdhal gk fi pake,udh log in pake pulsa kurang efktif",negative,0.9983166456222534
Rodin Husen,2,2026-04-29 07:24:10,"aplikasi bobrok, udah isi pulsa buat kirim otp sms, tapi selalu gagal. udah coba 20 kali kirim otp sms tapi gagal tidak muncul otp. gini amat mau berobat di bikin ribet, anehhh",negative,0.9990715980529785
Morieti 1914,1,2026-04-29 07:14:08,payah,negative,0.9840712547302246
Anjing Bagong,1,2026-04-29 07:08:25,verivikasi nya susah,negative,0.9985402822494507
Eko Yunianto,1,2026-04-29 07:00:20,aplikasi kerek,neutral,0.8375388979911804
Alfi Safitri,1,2026-04-29 06:57:53,"aplikasi jelek, cuma nunggu verifikasi auto debit sampe berhari-hari ga ada sms ataupun WhatsApp",negative,0.9989951252937317
Mas Tri,5,2026-04-29 06:56:59,mempermudah,neutral,0.7851871848106384
Taufik Ngokhz,1,2026-04-29 06:48:29,"yang katanya aplikasi nya membantu dan lebih mudah. mudah apanya, aku udah pakai nomor malah ga ada kode verifikasi,sms ga masuk. pakai email sama juga....",negative,0.9708138108253479
Donna Elika,1,2026-04-29 06:46:55,aplikasinya gimana ini tolong diperbaiki dong....nggak bisa login padahal NIK sudah benar..password sudah benar....tp selalu dibilang katanya keliru..gliran mau ganti password juga ga bisa karena kode OTP gk masuk lwt SMS ..pakai email juga tdk bisa...solusinya dong....aplikasi hrusnya mempermudah..ini malah bikin makin ribet sumpahh,negative,0.9986806511878967
Indra Jaya,5,2026-04-29 06:35:47,👍👍👍👍,positive,0.6199157238006592
Yuda Hysteria,1,2026-04-29 06:22:26,"Daftar, tapi Kode sms otp gaa di kirim""... udah coba ganti"" nomor yg lain...Padahal pulsa jg masih ada... Gaa sistem BPJS'nyaa gaa aplikasinya Parahhh nii,,,",negative,0.9930635094642639
Roma Fifia Julianti Girsang,5,2026-04-29 06:20:54,good apps,neutral,0.8725395798683167
Fadhli Zon,4,2026-04-29 06:10:34,Mantap,positive,0.9892808794975281
melyana ekawati,5,2026-04-29 06:05:12,terimakasih BPJS kesehatan,neutral,0.9974086880683899
Aman Longok,5,2026-04-29 06:03:15,ok,negative,0.9930064678192139
Anggel Tumonglo,4,2026-04-29 05:54:01,"mau isi tanggal kunjungan yang muncul cuma sampai tanggal 6 saja , padahal tanggal kunjungan ke RS tgl 8 . kok bisa begitu",negative,0.992759108543396
Malik Alfauzan,5,2026-04-29 05:50:48,"APK MNYT, GUA SMUA DATA UDH BENER SUKA TBTB LOGOUT SNDIRI TERUS PAS MAU LOGIN LAGI TULISAN NYA AKUN ANDA BELUM TERDAFTAR TAPI PAS DAFTAR TULISAN NYA AKUN ANDA TELAH TERDAFTAR MAUNYA APASI MONYET DEVELOP NYA GABENER NI ANJWNG",negative,0.9745938777923584
elky yulanda,5,2026-04-29 05:50:26,memudahkan,positive,0.4315904676914215
Epep Fire,2,2026-04-29 05:47:41,"bobrok, kode otp gapernah masuk",negative,0.9857366681098938
Rizka Nudy,5,2026-04-29 05:46:42,Alhamdulillah.. mudah mengoperasikannya,positive,0.986481785774231
Vicky Putra,5,2026-04-29 05:46:00,mantap,positive,0.9755426049232483
iyai qodir,5,2026-04-29 05:42:48,apk ny good,negative,0.6776200532913208
Aripin Aripin,5,2026-04-29 05:05:09,"apk jkn yg sangat sangat membatu, terbaik",positive,0.9625568389892578
Wawan Garmawan,5,2026-04-29 04:59:09,saat ini apl sy sedang error,negative,0.9244562983512878
Dyen Syarifudin,5,2026-04-29 04:56:07,oke,negative,0.907338559627533
Imam Hidayat,5,2026-04-29 04:53:47,bagus,positive,0.7057405710220337
Rangga Leonard,1,2026-04-29 04:53:23,"JKN Mobile saya mengalami root terus, sudah update dan dimatikan ulang HP-nya, tetap saja tidak bisa login",negative,0.7903765439987183
Neneng Ida,5,2026-04-29 04:49:50,Terimakasih untuk semuanya ..layanan JKN memuaskan dan sangat membantu bagi kami,positive,0.9959088563919067
Alfin Ma'ruf Prasetyo,5,2026-04-29 04:47:50,kenapa ngga bisa kirim otp,negative,0.786182165145874
Julianti Putri,5,2026-04-29 04:40:20,pelayanan bagus,positive,0.9936761260032654
Dhebora Duhita,5,2026-04-29 04:35:05,jadi lebih mudah pindah faskes,positive,0.48363998532295227
Alfajr Rizal,5,2026-04-29 04:34:48,sangat membantu,positive,0.9828039407730103
Abidu Cholis,1,2026-04-29 04:28:19,"aplikasi kocak, udah daftar udah sesuai semua, tinggal nunggu kode verifikasi lewat SMS aja ga dikirim2 ditungguin lama juga, sampe sehari nunggu tetep ga dapet2 SMS, kocakk bgt njrrr, blokir aja dah aplikasi ini, hpus dari play store, gaguna!!!",negative,0.9939418435096741
Selvia barus,5,2026-04-29 04:24:57,terbaik pokoknya,positive,0.9928376078605652
Eko Sulistiono Sulistiono,5,2026-04-29 04:21:02,pelayanannya cepat.,positive,0.8425570130348206
siti sofianah,5,2026-04-29 04:17:14,jam pelayanan di aplikasi tidak sesuai di lapangan. wkwk,negative,0.9975797533988953
Johan Saputra,4,2026-04-29 04:12:37,udah baikudah2an lebih baik lagi,positive,0.9798356294631958
Mohammad Faathir,5,2026-04-29 04:07:49,"Terimakasih banyak BPJS, BPK ibu yg bertugas baik yg di belakang tak lihat, terimakasih untuk semua nya.",positive,0.9767791628837585
Peza Pebrianto,1,2026-04-29 04:06:19,"buat otp nya susah sekali. berapa kali coba tetap engga menerima SMS kode otp nya. Kouta lancar, wifi apalagi. pulsa cukup. tp tetep ga dapet kode otp nya buat daftar. cukup kecewa si. harusnya mempermudah, malah jadi susah.",negative,0.9978888630867004
Handi Sahril,5,2026-04-29 04:06:13,SMS-nya GK ada,negative,0.5426146984100342
Jaja Jiji,5,2026-04-29 03:58:21,sukses terus lancar,positive,0.9842637181282043
Christina melani Situmorang,5,2026-04-29 03:50:08,Bagus sekali dan sangat bermanfaat,positive,0.9852022528648376
Nekha,1,2026-04-29 03:38:22,"Minta kode otp lewat SMS gak masuk2 mana waktu tunggu nya 200dtk lama bnget gajelas, giliran email langsung masuk. ternyata memang banyak yg kaya gitu juga, sengaja apa gimana supaya gak bisa bikin bpjs???",negative,0.9977614879608154
Sorjo Kai,5,2026-04-29 03:24:13,mantab sangat membantu,positive,0.9910959005355835
Ahmad Rusyaid Ahyar,5,2026-04-29 03:17:01,mantap,positive,0.9755426049232483
Tirta karya,1,2026-04-29 03:16:47,ya begitulah kalo aplikasi pemerintah pasti lelet lah sering gangguan lah,negative,0.9951090216636658
Aca. Irwansya,5,2026-04-29 03:13:25,sangat baik dan mempermudah saat mengadministrasikan saat berobat,positive,0.9897376894950867
Ahmad Rangkuti,5,2026-04-29 03:12:37,terus ditingkatkan dan diperbaiki layanan semua bidang...,negative,0.39710214734077454
Waggy,1,2026-04-29 03:06:50,sandi nggak pernah diubah kok bisa salah? SMS juga lelet banget,negative,0.9980512857437134
[RAKEL]. ID,5,2026-04-29 03:06:16,ok,negative,0.9930064678192139
Rizky Tamimi,1,2026-04-29 03:00:18,"sewaktu saya mau coba registrasi dan mengisi nomor telepon, kode verifikasi OTP nya ga muncul muncul",negative,0.7436872124671936
Nur Lia,1,2026-04-29 02:58:45,gk sopan genit lagi,negative,0.9958202838897705
Antoni Efendi27,5,2026-04-29 02:46:16,ok,negative,0.9930064678192139
Kezia Azzura,1,2026-04-29 02:33:01,"Aplikasi gak jelas, aplikasi pemerintah tidak ada yang serius. orang tua ku butuh penanganan harus dari aplikasi dulu giliran daftar sudah penuh. apk anj****",negative,0.9963932633399963
Moch. Jaenudin,5,2026-04-29 02:32:17,Sangat bermamfaat...,positive,0.9836777448654175
Khirana CahAyu,5,2026-04-29 02:31:58,kode refeal aplikasi apa,neutral,0.8058826923370361
Nicolas,1,2026-04-29 02:25:49,OTP LU KAGAK MASUK MASUK EGEEE,negative,0.9909594058990479
Andelvi Arma,1,2026-04-29 02:17:43,RIBET BANGET ANJIR,negative,0.9445223212242126
Daris Aidanx,1,2026-04-29 02:14:29,nda bisa di buka,neutral,0.9952026605606079
novianti99,1,2026-04-29 02:12:13,sering logout ga jelas.. udh dimasukin tiba2 keluar trus ga bisa login selama 10 menit.. padahal posisi lagi urgent,negative,0.9965606331825256
Siti Julaeha,5,2026-04-29 02:10:23,baguss bgt sangat membantu ..,positive,0.9943282008171082
herone 7600,5,2026-04-29 02:08:12,"bagus sekali pelayanannya, cuma sering suruh buat password yg sering lupa",positive,0.61039799451828
Sugiarno Nuno,5,2026-04-29 02:06:35,memudah kan dalam meng updet data. tanpa harus mengantri. mantap,positive,0.9920052886009216
Zhafira Saputra,1,2026-04-29 02:03:35,"fitur untuk rubah faskes, bagian kameranya ga berfungsi",negative,0.928067684173584
Dex L,1,2026-04-29 02:01:32,aplikasi sampah.....perbaiki lah aplikasinya min,negative,0.9986097812652588
Roewan Kujan,5,2026-04-29 01:59:58,bagus,positive,0.7057405710220337
Zul Dompu,5,2026-04-29 01:57:58,sangat baik,positive,0.9900143146514893
Jerry Purnomo,5,2026-04-29 01:41:02,Alhamdulillah mudah bgt,positive,0.9866286516189575
Jay blood,1,2026-04-29 01:35:33,TIDAK BISA LOGIN .,negative,0.9732347130775452
Endah Lestari,5,2026-04-29 01:21:19,ngoweeerrrr,negative,0.8130379319190979
Sahara Dika,1,2026-04-29 01:12:05,udah jengkel sama apk ini udah beberapa kali daftar selalu gagal ketika nungguin OTP lewat no hp. beberapa kali pake no hp lain juga gak bisa bisa,negative,0.999040424823761
Andrian Nino Maulana,1,2026-04-29 01:09:51,"tolong lah... kode verifikasi tidak bisa dikirim karena, permintaan anda belum bisa di proses terus terus dan terus udh di coba di lain hari masih sama saja",negative,0.9976015686988831
Fischer Waloni,5,2026-04-29 00:53:27,"Sangat berguna dan membantu, pelayanan kesehatan keluarga",positive,0.9064429998397827
siti rohmah,5,2026-04-29 00:46:41,sangat puas,positive,0.9911750555038452
Inggit Firnanda,1,2026-04-29 00:44:43,Diperbaiki lagi ya untuk sistemnya. sudah login tapi keluar keluar terus ada masalah apaya. Tolong ditingkatkan lagi sistemnya yang sangat buruk dan tidak menguntungkan penggunanya ya,negative,0.9975305199623108
Eko Adi Nurcahyo,5,2026-04-29 00:39:14,semakin mudah,positive,0.825509250164032
ansharsayuti 1979,3,2026-04-29 00:29:39,kenapa tidak muncul nomor antrian stlh didaftar ?,neutral,0.7908773422241211
Jumaking,5,2026-04-29 00:29:12,gercep pelayanan,negative,0.8341767191886902
Barjono Gold,5,2026-04-29 00:28:30,"Aplikasi komplit,mudah di mengerti, sangat mudah dan praktis gampang di pahami",positive,0.990787923336029
Victoria Sanders,1,2026-04-29 00:26:42,"""NOMOR HANDPHONE TIDAK BOLEH KOSONG"" Tapi udah diketik malah nomor sudah pernah digunakan peserta lain, terus gimana nomernya cuma satu ini, masa harus beli nomer lagi cuma buat daftar doang",negative,0.9971031546592712
Aki kenzo Kenzo,4,2026-04-29 00:22:55,"setelah di update masuk lagi susah, disuruh login dlu dah beberapa kali diisi data,data dah benar tapi dibilang salah terus ..harus gimana ini.",negative,0.9974455833435059
Afnan atma Pratama,5,2026-04-29 00:14:47,"aplikasi ini mempermudah kita untuk melakukan pendaftaran kesehatan di fakes manapun, sangat membantu untuk para peserta BPJS melakukan pendaftaran dan hal"" lainnya.",positive,0.9729746580123901
Abdi Madani,5,2026-04-29 00:14:05,mantap,positive,0.9755426049232483
Musfirotun Nadirah89,5,2026-04-29 00:13:50,sangat mudah dan sangat membantu,positive,0.986567497253418
Tri Ariyanto,5,2026-04-28 23:59:33,ok,negative,0.9930064678192139
Zahro Laundry (Zahrolaundry),5,2026-04-28 23:55:21,Alhamdulillah sangat membantu,positive,0.9890835881233215
kemaki official,5,2026-04-28 23:32:13,aplikasi rusak kode otp nggk keluar padahal nomor benar dan masih aktif..... hapus aja aplikasinya,negative,0.9804568290710449
ETI PUJI LESTARI,1,2026-04-28 23:29:14,ini gimana siii? mau log in tapi ga bisa muluu herann,negative,0.9961546063423157
Ca Zaenudin (Zai),2,2026-04-28 23:23:58,dah masukan nomer ga di kirim kirim kodenya gimana sih,negative,0.9574081301689148
Putri Nuraini12,5,2026-04-28 23:08:32,ini knpa si aplikasi nya kalau mau ke pendaftaran ke RS selalu keluar Padahal udh login berkali kali tolong dong di perbaiki lagi,negative,0.9899241328239441
Ruddy Rudiger,5,2026-04-28 23:06:47,keren,positive,0.9939595460891724
seventin manggopa,5,2026-04-28 23:03:54,mantap,positive,0.9755426049232483
Dewa Wastu kencana,5,2026-04-28 22:56:44,memudahkan untuk berobt,negative,0.5781087279319763
Wawan Darmawan,5,2026-04-28 22:50:33,Aplikasi JKN lebih membantu dan mempermudah,positive,0.9864360690116882
Nas Ukha,4,2026-04-28 22:45:02,"Sudah Cukup bagus dalam pelayanannya,",positive,0.9680766463279724
Alwi Hasan,1,2026-04-28 22:33:19,"aplikasi aneh, mau daftar ko ga bs. katanya ada otp via SMS ditunggu in ga dapet tuh",negative,0.99213045835495
Qori didiet,2,2026-04-28 22:32:02,"aplikasi suka keluar sendiri . Dari semalem login gabisa Bisa keterangan nik salah , padahal NIK-nya sudah BENAR .. Mau berobat daftar online jadi susah",negative,0.9945916533470154
Imang Firmansyah,5,2026-04-28 22:30:53,Aplikasi sangat membantu,positive,0.9880645871162415
Agus Paryanto,1,2026-04-28 22:00:16,"perbaiki tuh aplikasi, tidak bisa ngirim otp",negative,0.9432408809661865
Ahus Wiryanto,1,2026-04-28 21:58:44,masuk aja harus pakai no. ktp,neutral,0.9570990204811096
Hosea Rudy,5,2026-04-28 21:23:34,semua jadi lebih gampang,positive,0.5906813740730286
yean pratama,1,2026-04-28 20:29:24,"kok gak bisa login2 susah banget mau login ke jkn . tulisan nya permintaan anda belum dapat diproses , silahkan mencoba beberapa saat lagi , pas udah masukin no kk , pasword and no captcha. sampe berkali2 tetep gak bisa.",negative,0.995695948600769
Nena Herawati,5,2026-04-28 18:24:08,cepat dan praktis,positive,0.9537161588668823
Tulkenyuts,5,2026-04-28 17:16:59,mantap,positive,0.9755426049232483
Mujayun Muhammad,5,2026-04-28 17:10:43,trimakasih banyak atas pelayanannya yg sangat membantu kami,positive,0.9749760627746582
Syafaatun Mhmdh,5,2026-04-28 17:06:44,"mau daftar antrian buat peserta kedua gak bisa bisa , gk bisa d gsnti namanya ,malah repot",negative,0.9923248291015625
Lucia Sihombing,5,2026-04-28 17:06:34,mantap,positive,0.9755426049232483
Retno Kusumastuti,5,2026-04-28 17:01:39,bagus mempermudah,positive,0.809736967086792
Moch. Wahyudi,1,2026-04-28 17:00:29,GAK BISA LOGIN BOS..!!! GAK JELAS,negative,0.9983394145965576
Juniman,5,2026-04-28 16:31:03,sangat memuaskan,positive,0.9861986637115479
mang wii,5,2026-04-28 15:13:37,good,positive,0.7422583699226379
Sri Meliana Hinta,5,2026-04-28 14:29:05,oke,negative,0.907338559627533
Winner Kuala lumpur,5,2026-04-28 14:25:32,mantap,positive,0.9755426049232483
ririn Lestari,1,2026-04-28 14:24:53,aplikasi selalu meminta nik untuk masuk....padahal kita tak selalu pegang ktp.....saat urgent...sangat tidak membantu. Seharusnya dipermudah...seperti penggunaan sidik jari.,negative,0.957084596157074
sekar sekar,5,2026-04-28 14:18:24,Puas Sekali,positive,0.6618826985359192
Zakaria Ammar,5,2026-04-28 14:17:14,good,positive,0.7422583699226379
Meylinda Eka Putri,1,2026-04-28 14:13:50,"ribet bgt, mau masuk mesti autodebit. udh masukin rekening minta otp nomornya ga masuk². nomor Aktif, pulsa ada. tapi ga masuk masuk. RIBETTTTTT!",negative,0.997975766658783
Welsony Agus,1,2026-04-28 14:13:33,tolong jangan bikin emosi kalo bikin apk tuh pakek niat jangan banyak masalah nya gw foto udah berhasil 4 kali ngulang mulu😡😡,negative,0.9689140915870667
tama tama,5,2026-04-28 14:13:18,mantappp,neutral,0.7260863184928894
Millenia Eklesia Mewoh,5,2026-04-28 14:12:03,setelah diupdate malah nggak bisa login. udh ganti pass pun ttap nggak bisa,negative,0.9965157508850098
Boesoe Nashihin,5,2026-04-28 14:10:28,Semoga semakin membaik pelayanannya...,positive,0.9678370952606201
Noor Aina,5,2026-04-28 14:10:05,bagus,positive,0.7057405710220337
Rima Anglia,5,2026-04-28 14:06:31,sangat membantu dalam kesehatan,positive,0.9878337383270264
reza prayogi,5,2026-04-28 14:05:10,sangat bagus bermanfaat bagi warga,positive,0.996038556098938
maulinda,1,2026-04-28 14:04:43,pas mau masukin no hp knp gabisa ya? eror kah???,negative,0.9824204444885254
Sekar sekar,5,2026-04-28 13:48:54,Puas Sekali,positive,0.6618826985359192
Salino No,1,2026-04-28 13:35:17,karna susah poto bpjs ny,negative,0.9844762682914734
Azka Otomotif,1,2026-04-28 13:29:23,aplikasi daftar online tapi masi wajib daftar offline.. trus kegunaan daftar online apa? benar benar sistem dan aturan tidak berguna... sistem ngabisi anggaran negara saja ..,negative,0.9980491399765015
Yasira Safiyah,1,2026-04-28 13:25:13,susah masuk sering logout sendiri ketika mau masuk lg sampe skrg sdh 2hari gak bs,negative,0.9958096742630005
Revany Rayna,1,2026-04-28 13:18:40,"APLIKASI GAJELAS, MAU DAFTAR AJA DI PERSULIT. KODE OTP GAK MUNCUL"" PADAHAL SEMUANYA AMAN GA ADA MASALAH. APLIKASI LELET, TOLONG DI PERBAIKI!!! SEJAUH INI APLIKASI YG PALING JELEK CUMAN MOBILE JKN! UDAH BANYAK BANGET YG PROTES TAPI GAK DI PERBAIKI"", BAGAIMANA INI???? TOLONG YA DI BENERIN APLIKASI JELEK, LEMOT, BUTUT INI!!!",negative,0.9915214776992798
ibnu hajar,5,2026-04-28 13:17:36,beres,neutral,0.580081045627594
Novita Snt,5,2026-04-28 12:56:16,aplikasinya sangat mudah digunakan dan sangat membantu,positive,0.9973874688148499
Adhie Chen,5,2026-04-28 12:55:51,respon cepat,positive,0.5648090243339539
Iqbl Nzk,5,2026-04-28 12:51:17,semoga kedepannya lebih baik dan terus baik,positive,0.9840067028999329
Jae Lani,5,2026-04-28 12:39:32,ngebantu banget dengan aplikasi ini,positive,0.9881723523139954
aprihan dandi17,1,2026-04-28 12:30:04,jelek ni aplikasi banyak bug nya,negative,0.9992534518241882
Safrutdin Ca,5,2026-04-28 12:28:01,bagus,positive,0.7057405710220337
Rasna Wati,5,2026-04-28 12:25:00,bagus lebih memudahkan,positive,0.9902752637863159
sekhu rohman,5,2026-04-28 12:20:48,"mantap sangat membantu, lebih di tingkatan lagi",positive,0.9533976912498474
Irha Arifin,5,2026-04-28 12:20:10,Mudah dan membantu tanpa harus ke kntor bpjs,positive,0.9381604790687561
amin sukandif,1,2026-04-28 12:10:39,"baru daftar masukan nomer hp aja kagak bisa, di coba bolak balik kagak bisa.. ribet amat sih, mbok ya yg mudahin masyarakat kalau bikin pelayanan publik 🥲",negative,0.981124997138977
Nampak Banar,5,2026-04-28 12:05:10,mantap👍,positive,0.996250569820404
Yudi Andana,2,2026-04-28 12:05:07,kode verifikasi lama,neutral,0.801009476184845
Iskandar Dicaprio,5,2026-04-28 12:03:50,mantab,neutral,0.7853335738182068
Liah Azzahra,5,2026-04-28 11:17:31,good,positive,0.7422583699226379
Ryan Andryana,5,2026-04-28 11:13:41,Dangat bagus layanan Kesehatan mempermudah untuk perubahan alamat,positive,0.9942785501480103
Muda Syahputra,5,2026-04-28 11:13:31,sangat membantu tnpa harus ke lokasi faskes,positive,0.9737319350242615
Nuya Marley,5,2026-04-28 11:10:53,ok,negative,0.9930064678192139
Aidi Henri,5,2026-04-28 11:07:27,mantap dan mudah di mengerti,positive,0.9946079254150391
Muhamadhatta,1,2026-04-28 11:04:48,"orang tua lagi sakit daftar begini suruh rekam layar, pas udah rekam layar suruh geleng geleng kepala suruh kedipkan mata suruh senyum, coba tolong dong di benahi lagi",negative,0.997281551361084
Tami Tireg,4,2026-04-28 10:51:08,aplikasi nya lumayan bagus,positive,0.9978342652320862
SAIFULLOH PB,5,2026-04-28 10:40:57,Sangatlah membantu bagi warga Indonesia.,positive,0.9754685163497925
Aris Munandar37,1,2026-04-28 10:30:23,"verifikasi otp tidak bisa, sudah dicoba berkali2 hasil tetap sama. sangat mengecewakan",negative,0.9962263107299805
Rohman Pekalongan,5,2026-04-28 10:28:38,bagus,positive,0.7057405710220337
Imam Syaf,5,2026-04-28 10:28:06,mantap,positive,0.9755426049232483
Rio Saragi,5,2026-04-28 10:26:59,sangat bgus,positive,0.9514537453651428
Maryati Yati,5,2026-04-28 10:26:03,sangat membantu semoga seterusnya berjalan dengan lancar terimakasih,positive,0.9906837940216064
wiwik verari,5,2026-04-28 10:25:23,"akses mudah ,memudahkan pelayanan",positive,0.9838272333145142
Yeyen Ngganggoek,5,2026-04-28 10:13:45,sangat baguss,positive,0.9979215264320374
Kurniansya Boby Saputra,1,2026-04-28 10:13:44,Force close..... programernya gak kompeten,negative,0.9992825388908386
Tama,1,2026-04-28 09:56:43,kode otp udah 3 hari saya coba tetep ga dikirim,negative,0.9462178349494934
Edi Santoso,1,2026-04-28 09:55:27,aplikasi sampah,negative,0.8266875743865967
wong nto,5,2026-04-28 09:51:10,"oke,merubah faskes sangat cepat",neutral,0.5338748097419739
Heri Haryanto,5,2026-04-28 09:47:14,Alhamdulillah lancar,positive,0.9719822406768799
Alex Di Caprio,1,2026-04-28 09:46:07,tolong benerin aplikasinya sering terjadi bug ketika login tiba tiba hp saya GK bisa digerakin,negative,0.9060884118080139
eko cellular,1,2026-04-28 09:32:41,selasa 28 april 2026.. mobile jkn tidak bisa untuk log in.. saya mau ambil antrian online untuk periksa ke dokter tp tidak bisa untuk log in,neutral,0.9014965891838074
Iqbal Mustafa44,1,2026-04-28 09:30:19,hadeh mau daftar aja susah bgt,negative,0.9981868863105774
azwar nuhu,5,2026-04-28 09:29:47,Sangat bermanfaat & berguna,positive,0.9879085421562195
SARENDRA JAYA,3,2026-04-28 09:27:43,"aplikasi bagus, lebih baik login gak usah pake capsca biar lebih gampang, saya login ternyata harus nunggu beberapa menit baru bisa masuk lagi",positive,0.9436797499656677
Uum Yuliawati,5,2026-04-28 08:56:12,semakin sukses bpjs kesehatan,neutral,0.7751134634017944
Wahyu,5,2026-04-28 08:41:47,sangat membantu,positive,0.9828039407730103
A_118_012 Dedi Purnomo C.B,1,2026-04-28 08:34:18,"gabisa verifikasi ga dapat kode otp, gatau ini aplikasinya siatemnya gimna 🤧",negative,0.9750316739082336
euryzaa momeena,1,2026-04-28 08:29:14,mau daftar aja ribet,negative,0.9773907661437988
Meri Ariska,1,2026-04-28 08:25:24,"sangat mengecewakan, tidak bisa daftar, padahal nomor telfonnya sudah benar, dan jaringan internet juga bagus",negative,0.9979281425476074
kunrs id,1,2026-04-28 08:06:26,"tgl 28 April, kenapa ya tidak bisa ambil antrian periksa di nakes dokter umum, tolong perbaiki",neutral,0.5429232120513916
vy chiar,5,2026-04-28 08:05:18,Pelayanan cepat dan memuaskan,positive,0.9960470795631409
Yu Ni,5,2026-04-28 07:43:16,tapi kok ribet ya kaloau masuk,negative,0.9600872993469238
Hndr Stmt,1,2026-04-28 07:41:42,kirim ulang kode verifikasi nya lamaaa,negative,0.9951640367507935
Ani Anfika,1,2026-04-28 07:38:28,dipersulit..nunggu kode ga masuk2 gagal terus,negative,0.9990772008895874
alam indah,1,2026-04-28 07:32:07,gunanya apa si aplikasi ini. bukanya untuk mepermudah malah bikin stres aja,negative,0.9965413212776184
DWi dohmsmith,1,2026-04-28 07:27:42,apk aneh mau daftar udah 2 hari belum dapat diproses terus,negative,0.998052716255188
rizal pradana,5,2026-04-28 07:12:17,sangat membantu sekali dalam berobat dan dalam pengantrian berobat..terimakasih banyak untuk admin dan crew nya🙏,positive,0.9936947226524353
nengah sujana,5,2026-04-28 07:05:21,ok,negative,0.9930064678192139
Hiiki,1,2026-04-28 06:45:27,"sangat mengecewakan, untuk mengirim kode otp saja selalu gagal, dan kodenya tidak pernah masuk bahkan setelah meminta kirim ulang kodenya tetap saja tidak masuk. tolong kedepannya silahkan diperbaiki dengan sebenar benarnya!",negative,0.9982409477233887
Lisya sasmita Nasution,5,2026-04-28 06:41:35,sangat membantu,positive,0.9828039407730103
zacky Ngrha,1,2026-04-28 06:33:43,"aplikasi buat warga kecil tuh bener ya di persulit wkwk, contoh saya mau daftar aja sulitnya minta ampun perkara OTP Ini OTP Terbang nya kemana ya btw pdhal Gmail Bisa kocak bngt yaampun",negative,0.989469051361084
Ardie Komet,5,2026-04-28 06:33:00,mantaps,positive,0.9862359166145325
Rizki Ramadhan,1,2026-04-28 06:25:07,"minta otp gak bisa bisa di coba berhari hari , mempersulit orang lain aja ,l",negative,0.9992585778236389
Yuli Andri,5,2026-04-28 06:16:33,☝️👍👍🤝🙏,negative,0.4607856273651123
Lalu M Johandi,5,2026-04-28 06:06:31,good services,positive,0.6373012065887451
Leeny Sobirin,1,2026-04-28 06:03:52,"aplikasi gajelas bikin ribet,bukanya mempermudah malah nyusahin",negative,0.9979420304298401
Didit Andreans,4,2026-04-28 05:54:43,"Akunnya ke log out sendiri dan log in sidik jari tidak bisa digunakan, apakah sedang gangguan??? Soalny sudah berjalan 2 mingguan 🙏🏻🙏🏻🙏🏻",negative,0.9614590406417847
Anung Anung,1,2026-04-28 05:42:51,"nungguin otp sampe taun monyet ga keluar""🤦🤦",negative,0.9640395045280457
Rasso2016 RASSO,5,2026-04-28 05:33:45,fast respon,negative,0.4344497621059418
Sigit Ismatuloh,5,2026-04-28 05:33:16,sgt memudahkan,positive,0.9741408228874207
Raya Rabbani,1,2026-04-28 05:32:12,niat gak bikin aplikasi nyusahin orang Poto muka susah gagalterus kode otp ga dikirim kirim KONOHA,negative,0.9981295466423035
Cipacap City,1,2026-04-28 05:32:08,aplikasi tolol daftar aja susah,negative,0.9953501224517822
Azhari Alfahmi,5,2026-04-28 05:24:53,oke,negative,0.907338559627533
Nur Anis Rahmayanti,2,2026-04-28 05:24:36,buruk bgt aplikasinya 🙈,negative,0.9991291165351868
Purwanto yoga,5,2026-04-28 05:14:44,Berguna dengan sangat baik!,positive,0.978925347328186
arfan zulkarnain,5,2026-04-28 05:10:14,pelayanan baik,positive,0.9874665141105652
