userName,score,at,content
Eko Wahyu Hermansyah,1,2026-05-04 00:57:41,"aplikasi cacat, verifikasi wajah susah, malah mempersulit"
jalal ahmad japar,5,2026-05-04 00:56:15,mantap
Abdie Manaf,5,2026-05-04 00:42:30,bagus
Tak Kusangka,5,2026-05-04 00:41:11,mantap
Belerick Moba,1,2026-05-04 00:35:15,sampah
alfin laisak,5,2026-05-04 00:32:56,Proses Layanan Baik
Armando Septian Dadi Ludji,5,2026-05-04 00:30:49,bagus
Endang Supyandi,1,2026-05-04 00:27:44,"OTP nya mana woy.... tanggung amat bikin aplikasi, bukan mempermudah tetap saja harus datang ke kantor"
12andri Saputra17,2,2026-05-04 00:20:44,"aplikasinya sering log out sendiri, kurang efisien, dan sering membuat para orang tua kebingungan menggunakannya"
Lutfi 80,5,2026-05-04 00:20:22,aplikasinya bagus dan bermanfaat
Muhammad Dodi ilyasin Dodi,5,2026-05-04 00:10:59,mobil jkn mantappp
Ar-rad,1,2026-05-04 00:09:33,Aplikasi abal-abal wkwkwk
Siti Imma Nurainun (Imma),1,2026-05-03 23:52:34,musti log in mulu ribet
Alfira Fitri,5,2026-05-03 23:49:29,baik
Eko Purwanto,5,2026-05-03 23:40:48,terima kasih sudah mengingatkan saya untuk senyum :)
Nepi Rismaneli Nepi,1,2026-05-03 23:34:00,loading mulu
Cucun Karmila,5,2026-05-03 23:27:15,sangat membantu mempermudah mendapat informasi faskes kesehatan dn dftar antrian online lebih mudah
Ahmad Baidowi,1,2026-05-03 23:20:39,aplikasi nya eror mulu... sistemnya belom bener....
Prich Chaty,1,2026-05-03 23:12:29,knp gak bisa dapet OTPnya... pdhl pulsa ada.. udah puluhan kali tak ulang tetep aja gak bisa
Irwan Djokam,5,2026-05-03 22:59:46,mantap🥰
sitti aisyah,3,2026-05-03 22:54:17,kalau membuat peraturan berobat harus menggunakan apk mobile jkn.. ya aplikasinya diperbaiki dong. masa setiap mau ambil antrian selalu gagal. gimana caranya kami mau berobat. sampai di faskes ditanya suruh pakai aplikasi.. wong aplikasinya yg jelek 😤
Shinoa Hiiragi,1,2026-05-03 22:41:46,"administrasi sangat ribet dan kacau. saya tidak bisa mengubah nomor telepon. selalu muncul notifikasi ""Silahkan pilih metode verifikasi"", namun tidak ada metode verifikasi yang tersedia di UI. tolong segera di fix"
Firna Raya,5,2026-05-03 22:31:27,mantap
Asep Saepudin,4,2026-05-03 22:17:53,mantap
Heroh Veronika,5,2026-05-03 21:49:05,"terimakasih, Sangat membantu saya untuk perubahan faskes. hal penting ""harus ada pulsa"" buat kode otp"
Jauhari Saputra,5,2026-05-03 21:47:17,terima kasih Ok pemerintah. saya bisa berobat gratis
Badriah Afta,5,2026-05-03 21:24:55,baik
Petarung_tangguh,5,2026-05-03 20:26:00,aplikasi keren
anugerahaji bpg,1,2026-05-03 18:43:18,"APLIKASI GAJELAS, VERIF LEWAT EMAIL FAST VERIF LEWAT SMS LAMA AKHIRNYA JUGA GA KELUAR KELUAR KODE NYA, GAJELAS BANGET SIH"
semua music,5,2026-05-03 17:17:13,"sengaja nih bintang 5 biar kebaca, lu di kasih dana sama pemerintah yang puluhan triliun hasilnya gini? mau ambil antrean aja servernya busuk, meledak tuh server, lu dikasih puluhan triliun buat apa pea, buat server yang bagus juga ratusan miliar udah bagus banget"
Delalablue,2,2026-05-03 17:16:30,"Tolong diperbaiki pak, saya yakin dana untuk membuat aplikasi tidak sedikit. tapi ngasih kode referal saja sulit. Bolak balik saya scan wajah ibu saya padahal keadaan beliau sedang sakit. Setelah berhasil scan masukkin kode saya cek gak ada SMS, Justru bikin susah yang mau berobat kalau begitu terus"
Ikhsan Muhammad,5,2026-05-03 16:16:51,mantap
Gina Sonia,1,2026-05-03 16:00:45,"aplikasi tidak jelas , kode otp tidak masuk-masuk,,"
Dewi Lidiya Astuti,4,2026-05-03 15:44:05,Nice
Arif Khaidor Rohib,5,2026-05-03 15:35:30,Aplikasi mudah digunakan
Dwi Yusi,1,2026-05-03 15:32:21,aah elaah Ribeeetttt bangettt katanya memudahkan
Wenda Pantow,5,2026-05-03 15:28:54,tebaik
Kayra Star,2,2026-05-03 15:27:47,ngirim kode otp pakai pulsa dawg💔💔
Eunikefriska P,5,2026-05-03 15:27:19,"keren terbantu kali kalau mau ambil antrian berobat ga perlu ngantri dari pagi supaya dpt no awal, berkat pake aplikasi ini bisa ambil antrian melalui online"
Herianti Bun,4,2026-05-03 15:27:08,tidak Susa aplikasinya trimakasih
Ali Imron,5,2026-05-03 15:12:33,semoga tetap membantu masyarakat kecil amin
Toni Hasan,5,2026-05-03 15:07:38,good experience. thanks
hendy sisuanto,4,2026-05-03 14:56:45,update agak lemot
Ahmad Wongdeso,1,2026-05-03 14:49:41,susah banget masuknya
adri djp,1,2026-05-03 14:32:53,"Alhamdulillah aplikasi ini direkomendasikan untuk bantu memancing emosi saat daftar, membantu merangsang hawa negatif saat tunggu otp... Alhamdulillah samgat djkn, teruskan lelet aplikasinya, salam ketidak warasan"
Anis Khumayro,1,2026-05-03 14:23:43,udh klik masuk tp gak bisa. kalau mau masuk harus daftar autodebet dlu. sedangkan saya gapunya bank yg bisa autodebet. sama aja saya gabisa pake apk ini padahal saya baru daftar dan mau bayar pake va. mau lihat aplikasinya aja gabisa masuk
Herry Hermawan Bo'enk,1,2026-05-03 14:17:29,"aplikasi bikin susah orang bukannya mempermudah malah mempersulit,, udah masuk.. keluar sendiri,, kalau mau masuk harus ulang lagi.. mau nambah peserta, masukin nomor kartu keluarganya susah banget"
cahya agung,1,2026-05-03 14:06:06,app sampah
Andi Alpha,5,2026-05-03 13:57:50,oke
Aminatu Zahro,2,2026-05-03 13:50:37,"kode otp lewat sms nya kaga nongol"", giliran lewat email masukk... nyangkut dimana woyyy kode otp sms gw."
neng halisa,1,2026-05-03 13:45:42,aplikasi nya gimana sih mau daftar aja susah nya minta ampun katanya MEMPERMUDAH ter nyata MEMPERSULIT Welcome to indonesia
Melindasari Wawu,5,2026-05-03 13:40:29,bagus
Kartika Malika,5,2026-05-03 13:34:16,ok
Pal Pangs,1,2026-05-03 13:19:38,"otp SMS kelamaan,mau masukin nomer lagi nunggu nya SE abad"
Arsa Arsa,1,2026-05-03 13:16:37,ga bisa masuk kode
Dian Prabowo,1,2026-05-03 13:15:47,app ruwet.wes jelas tp raiso mlebu2koplo.
Azmatun Badzlin bussaina,1,2026-05-03 13:12:00,"bikin pusing ,dibikin ribet ,indonesia kapan maju nya ,indonesia mempersulit rakyat nya saja"
sarah aulia,5,2026-05-03 13:11:39,"sengaja nih gua rating 5 biar di baca,apk NYEBELIN,gua pikir bikin bpjs lewat online bakal gampang,eh malah makin nyusahin!!!,gua udah daftar ini itu,eh pas kirim kode otp ke SMS kaga muncul² tuh kode,udah di coba beberapa kali loh, padahal pulsa gua ada,jaringan lancar,tapi kaga ada tu kode muncul!,gua kira gua doang yang ngalamin, ternyata ada juga yg lain,dasar apk gajelas!!! TOLONG PERBAIKI SECEPATNYA!!! GUA MAU BIKIN SKCK HARUS PAKE BPJS!!,CEPET PERBAIKI GUA BUTUH BANGET BUAT KERJA!!"
Abah Uwin,5,2026-05-03 12:50:21,terimakasih Mobile JKN mempermudah penggunaan untuk informasi data maupun perubahannya.
Nunuk Tri rahayu,5,2026-05-03 12:43:13,ok
ion nura (Nur),5,2026-05-03 12:41:07,ok baik
Ikrar Nugraha,5,2026-05-03 12:40:19,"sejauh pengalaman sy bagus jarang sekali ada kendala. begitu sudah daftar di aplikasi terus dateng ke lokasi udah singkron, bisa memperkirakan estimasi waktu jadi ga usah nunggu lama"
Ical Bengkel,5,2026-05-03 12:37:45,sangat membantu
Taufiq Akbar,5,2026-05-03 12:37:35,oke
Chotib Apriliyanto,1,2026-05-03 12:37:07,perbaiki bos apk mu bikin susah eror terus
Edy Rustandi,5,2026-05-03 12:36:03,keren
Jems Dawowo,5,2026-05-03 12:22:21,lebih dipermudakan trims jkn
Agung Rinto,5,2026-05-03 12:09:17,keren
S Rahadi,5,2026-05-03 12:00:22,cukup nyaman
yasmin nur sabrina,5,2026-05-03 11:58:13,"bisa ngubah faskes biar ga ikut klinik tempat kerja, jos markotop"
Tecno Spark,5,2026-05-03 11:50:27,good
bang kiki,1,2026-05-03 11:46:15,"anggaran doang gede, kaga fungsi2 amat!!!!! buat rubah data g bisa... ujung2nya ke kantor juga 🫵 mending g ush sok2an digitalisasi kalo belum mampu!"
Yuni Fitry,5,2026-05-03 11:46:04,good
Titi Purbo Sari,1,2026-05-03 11:26:43,"aplikasi sampah data diaktifin org lain, pengaduan malah ga ada solusi akun lain malah nope sma email dibilang ga aktif pdhal udh 20 taon pake"
Makenn Gaming,5,2026-05-03 11:24:59,mudah di pahami
Andy Garcia,5,2026-05-03 11:04:09,ok
Agianta . Sitepu,5,2026-05-03 10:55:54,keren
Haryono Novianto,3,2026-05-03 10:47:29,agak sulit loggin nya
Sn Berkreasi,1,2026-05-03 10:47:27,aplikasi nya byk bug ny!! mau ambil no antrean selalu ga bisa pdhl sinyal udh bagus udh make wifi trs surat control+rujukanny juga aktif. Sy coba login ulang ttp aj ga muncul/bisa tolong perbaiki lgi jngn cuma dibaca doang..... jarene dikon daftar online giliran daftar online mlh nyusahke🤦🏼‍♂️
Rival andrian,1,2026-05-03 10:45:11,"susah login, akun tidak terdaftar, akun belum terdaftar, atau gabisa di klik sama sekali, atau tiba tiba logout sendiri, segala macem macem"
Ahmad Alfarizi,1,2026-05-03 10:39:25,"banyak banget problem.. buat ngasih nilai ke rs aja kaga bisa. banyak menu yg cuma jadi pajangan doang.. atau sengaja kalihh biar kita ga bisa ngasih rating pelayanan kepada pelayanan kesehatan tertentu... bhkan gk ad menu bantuan, chat konsultasi gitu atau apalah..."
Dadang Suhendar,5,2026-05-03 10:28:37,aplikasi sangat membaantu sekali
Yane Mandena,1,2026-05-03 10:24:13,aplikasi gk jelas. tunggu chptcha aja kayak nunggu kepastian dari dia yg tak kunjung DTG😩😂😤🤮
Nur Sarifah idris,5,2026-05-03 10:17:59,sangat memudahkan
As Raf,2,2026-05-03 10:17:08,"aplikasi ribet, orang udah pusing cuma mau daftar masuk aja ruwet. masa kode OTP dikirim lewat no telp gak ada udah dicoba berkali2... sedangkan waktu tunggu nya lama banget buat kirim ulang,, giliran kirim ke email udah verifikasi harusnya udah bisa masa ttep harus isi no telp tapi tetep gabisa (harus kirim OTP lagi) seharusnya kalo udah dapet OTP dr email kan udah otomatis masuk. 👎👎 sangat muak"
Kang. Soerya,5,2026-05-03 09:45:47,daftarnya kok susahnya minta ampun ya.. GK dapat no OTP terus
Mahfud Saffah,5,2026-05-03 09:39:34,sangat membantu ku
Harry Sinyo,4,2026-05-03 09:27:26,lumayan bagus sekali
Lina,5,2026-05-03 09:24:13,👍👍
Wida Ningsih,2,2026-05-03 09:23:45,Kenapa hp saya uda ga bisa pke jkn mobile
Nur Fitriyansyah Iyan,1,2026-05-03 09:20:57,aplikasi tolol
Alif Arifkrismanto,4,2026-05-03 09:18:26,"lumayan bagus ,, hanya waktu pengaktifan pindah faskes terlalu lama."
Johan,4,2026-05-03 09:12:07,4 dulu lah karena belum di buktikan perubahan data nya berhasil atau tidak di fasilitas kesehatan nya
Iqbaal,5,2026-05-03 09:11:40,semua nya bagus mudah di pergunakan
Engkar Karniti,5,2026-05-03 09:03:20,Mau kasih bintang 7 cuma gak ada... keluar terus harus verifikasi terus katanya salah nik terus salah capcha.. terus aja gitu malah gak bisa masuk
Muhamaddwi Guna,5,2026-05-03 08:57:22,bagus
aing's comp,5,2026-05-03 08:55:54,good
X Mie,5,2026-05-03 08:44:46,mudah digunakan
Dian Cok,5,2026-05-03 08:11:09,mau daftar antrian pada hari Minggu tidak bisa padahal daftar antriannya buat besok hari Senin...gini2 amat program pemerintah padahal tiap bulan selalu bayar
Suharman,2,2026-05-03 08:06:46,tidak bisa menerinma kode otp padahal nomor yang saya gunakan untuk daftar masih aktif
Cenglung Distro003,5,2026-05-03 08:04:37,bagus
Edi Pitra,5,2026-05-03 07:59:32,sangat membantu
Widia ayu Rusmana,5,2026-05-03 07:58:48,sangat membantu dan aplikasi yg bagus
Rahman pirmansah,1,2026-05-03 07:47:15,"kode ga muncul, nik salah melulu dikira gua buta kali ya. RIBET"
endah marturining rahayu,5,2026-05-03 07:36:18,terimakasih JKN
Singgih Eko Prasetyo,5,2026-05-03 07:33:16,"sudah jauh lebih baik updatenya, semoga terus terjaga aplikasinya normal"
Rezky 27,1,2026-05-03 07:05:35,aplikasi ini ulasan membuat daftar nya sangat buruk dan butuh waktu yang lama jika perlu update biar masyarakat dapat baik mengunakan menunggu kode itu sangat menjengkelkan jadi buat pemerintah tolong di tindak lanjut proses update aplikasi terbaru
Anonim (Anonim),1,2026-05-03 07:03:34,"APK TOLOL ,UDAH MASUKIN NIK DAN KK DENGAN BENAR SAMA CAPCTHA BISA BISANYA MASIH DI ANGGAP SALAH"
frss 7,1,2026-05-03 07:02:32,"APK TOLOL ,UDAH MASUKIN NIK DAN KK DENGAN BENAR SAMA CAPTCPA BISA BISANYA MASIH DI ANGGAP SALAH"
Muhammad Aqfarezapratama,1,2026-05-03 07:01:51,kode otp no telepon gak muncul muncul
Ali Arifin,5,2026-05-03 07:00:52,terbaik
Boy arema,5,2026-05-03 06:53:37,very good..👍🏻
TAKANOME channel,1,2026-05-03 06:52:14,apknya error hp gak diapa apain gak bisa dibuka katanya hp di root🤦
BANG ZUL Gaming,2,2026-05-03 06:46:14,"kenapa bintang 2 , karena aplikasinya sangat sangat ribet, ribetnya karena selalu loading lah,error lah, coba lagi coba lagi nanti lah, ahhh APA INI HIDUP BAGAIMANA INI!!! Q"
ACHMAD SOLEH OFFICIALL CHANNEL,5,2026-05-03 06:41:01,the best
Indrawati Mashuri,4,2026-05-03 06:24:54,cukup baik
Hadi Gozali,5,2026-05-03 06:24:01,mantap
Gugun Aditya,1,2026-05-03 06:16:20,perbaiki dong verifikasi wajah nya masa gagal mulu ribet
Irfan Wahyu Nurfauzi,1,2026-05-03 06:16:07,OTP yang melalui nomor Hp tak kunjungan ada. selalu gagal pendaftaran.
Sri Hidayah,1,2026-05-03 06:10:48,susah banget aplikasi ini cuma gegara lupa pin harus belibet udah ngikutin cara nya tetep aja gagal nyusahin masarakat tau kalau kaya gini udah bayar juga aneh bet
Yastina Meireni,5,2026-05-03 06:09:05,"APLIKASI APAAN, DAFTAR AE SUSAH"
D'fa Arkan,5,2026-05-03 06:03:06,Sejauh ini aplikasinya tidak ada eror dan memudahkan pengguna
Diyah Sabrina,2,2026-05-03 05:59:42,sering log out sendiri bikin susah
Hidayat Hasim,5,2026-05-03 05:59:36,bagus
Kang Udjank,5,2026-05-03 05:52:59,aplikasinya bagus bintang 5 fiturnya
ARIS BAEE,5,2026-05-03 05:45:50,busett aga laen
Veraa Nurmaya,1,2026-05-03 05:44:34,"sangat kecewa sama apk ini,"
Putune Kungsaparisartomo,2,2026-05-03 05:32:51,login jkn susah nya minta ampun... lebih mudah login fb apa tok tok
Salma Wati,1,2026-05-03 05:26:50,ribet
Hananto Wahyu,1,2026-05-03 05:23:21,"padahal sinyal lancar, buat nonton youtube, game,segala macam. tapi giliran buat daftar jkn mobile kok ga bisa ya ? ga ada sinyal dikata. 3 hari berturut"" siang malam, tetep ga bisa. apa karna kebanyakan di korup anggarannya jadi nya ga maksimal apk jkn mobile nya ?"
Teddy Doank,1,2026-05-03 05:00:26,suka log out sendiri mau masuk lagi susah👎
Siti Rahayu,5,2026-05-03 04:46:57,ok
READ1,3,2026-05-03 04:46:09,KASIAN UNTUK YANG UDAH LANJUT USIA RIBET BANGET MAU KONTROL JUGA HARUS VERIVIKASI WAJAH YANG GAK SELESAI SELESAI. PADAHAL SUDAH STRUK GIMANA BISA SENYUM PENYAKITAN GITU. DAN MASUKIN NOMER HP SELALU SALAH DAN SUDAH TERDAFTAR NOMER LAIN 😁
GTA COM Indonesia,5,2026-05-03 04:26:31,aplikaai mantap sudah nggak oerlu lagi ke kantor2 deeh. bisa ambil antrian langsung dari rumah. terimakasih jkn
Sesilia Bangu Hary,5,2026-05-03 04:15:12,sengaja ksh bintang 5 karna tunggu OTP nomor masuk tidak masuk masuk padahal sdh coba ulng ulang ttp tidak masuk Tapi kode di email kok masuk cepat sekali ya
Hutdcvbj Vcfsfgb,5,2026-05-03 03:52:19,nunggu kode otp ga keluar2.bpjs yg bayar tapi di persulit.udah mah bayar tapi bikin pusing kebanyakan aturan
Nurul Fazria,1,2026-05-03 03:50:50,kode selalu ga masuk
Ruma'iyah Malang,1,2026-05-03 03:48:42,verifikasi wajah sulit gagal terus ini yang salah pengguna atau memang aplikasinya yang buruk sih
Ajeng Putri,5,2026-05-03 03:37:27,sangat membantu
Dani Store,1,2026-05-03 03:27:08,apk ga recommend mau daftar dipersulit kode tidak masuk masuk
Mega Rani,1,2026-05-03 03:20:47,apk gk jls di perbaiki deh tolong mau cek kesehatan aja ribet banget pake apk gk berguna kyk gini cmn mempersulit
kurniaone wawan,1,2026-05-03 03:15:41,nungguin otp sampe lebaran gk ada
Era dwisaputra,1,2026-05-03 03:13:51,"ini aplikasi gimana sih, tujuan mempermudah malah sulit. kode Verifikasi SMS aja susah y minta ampun. apa gak punya pulsa? niat gak sih bikin aplikasinya?"
Agnes Dewi,1,2026-05-03 03:07:49,sering eror
Yati2,5,2026-05-03 03:05:01,sangat membantu sekalai
Brekele Wins,5,2026-05-03 02:43:04,apk yg sangat membantu
Dherta Ardya,5,2026-05-03 02:38:20,puas
Abdullah rauf Boko,5,2026-05-03 02:11:02,bagus apkasi nya sy ambil antrean lewat hp sja
M Febri,1,2026-05-03 02:09:40,aplikasi ga guna notif ga msuk²
Isma Ginting,1,2026-05-03 02:07:01,otp SMS ga masuk masuk udah 3 bulan aku nungguin!!!
Cyacya,1,2026-05-03 01:46:50,"mau daftar gabisa, login dipersulit, lewat email gabisa, pake SMS ga dikirim kirim kode otpnya, yeu"
Daffa Benzbastian,5,2026-05-03 01:46:13,"ok,cepat"
rey,5,2026-05-03 01:38:49,bagus
Silpina Nugrahawati,5,2026-05-03 01:17:04,Alhamdulillah terbantukan dan lebih cepat dan dinamis
Rani Suryaningsih,5,2026-05-03 01:16:31,semoga amanah
Aqilah,5,2026-05-03 01:16:07,sangat ok
Mutia Firhani,1,2026-05-03 01:15:50,tidak bisa di-update di sistem hp saya
Faiz Marasabessy,5,2026-05-03 01:11:30,sangat membantu pada saat saya daftar online untuk dapat nomor urut ke dokter dan sangat membantu apabila apabila mau tanya ke BPJS kesehatan vis 165 lansung di respon dan di beri jalan keluarnya hanya satu kata terima kasih
Junani Ajah,1,2026-05-03 00:45:43,tidak bsa dowlod apk y kenapa y..klu apk lain bsa sy jajal..brhti bukn hp sy yg elor tpi apk jkn y
David Segy,5,2026-05-03 00:42:19,perlunya Biometrik yang bersuara mengarahkan pemakai yang cacat mata minus bisa mendengar tanpa kacamata
Rais Akbar,5,2026-05-03 00:01:42,sangat baik dan bermandaat
Dila,5,2026-05-02 23:46:26,sangat terbantu/memudahkan
Hesti Nursolehah,4,2026-05-02 23:44:21,GK bisa login ya ampun padahal jaringan bagus Kouta ada :(
Elis Emi,5,2026-05-02 23:42:44,pelayanan bagus..terimakasih
Erni Safitri,5,2026-05-02 23:02:57,mohon di permudah untuk otp jangan lewat sms saja bisa lewat whatshapp juga soalnya takutnya lupa sandinya apa gimana🙏🏼🙏🏼
Riani Pertiwi,2,2026-05-02 23:02:53,harus daftar lagi GK jelas SDH masuk harus daftar dulu
Iwanda Darmawan,5,2026-05-02 22:57:33,Sangat baik
Vivo Br,1,2026-05-02 21:20:09,ini aplikasi yang wajib di gunakan tp malah justru mempersulit pengguna! udah sering log out sendiri masukin no ktp udah bnr tp katanya salah... tolong lah jangan di buat ribet kyk gini orang mau berobat pake aplikasi biar mudah malah jd sulit kyk gini.....! ini pemerintah tau gak sih susah nya kyk gini
beneran isma,1,2026-05-02 19:16:47,"GAJELAS BANGET, UDAH BANYAK YANG NGASIH KELUHAN YANG SAMA TAPI GA ADA PERBAIKANN, SEBENERNYA GUNA ULASAN DI SINI BUAT APA??? nunggu kode otp sms gd masuk uda lakuin berbagai cara, sampah!"
Putri Rachmawati,5,2026-05-02 17:39:11,"aplikasi nya sangat membantu mempermudah daftar pelayanan klinik, ga perlu antri, pindah faskes dan daftar peserta baru juga mudah, terimakasih yaa🙏"
Sahri Romadhon,1,2026-05-02 17:21:58,"nih gimana pemerintah sama hal bgini aja ga becus. apa udh gada yg pinter lagi kah bagian IT nya apa gimana. ini udh tahun 2026 masih aja apk gagal, malu woy.."
Anto Eje,5,2026-05-02 17:17:47,"bagus,banyak info kesehatan yg menarik"
sabar ianto,5,2026-05-02 16:42:39,semoga semakin semakin meningkat layanan untuk masyarakat
Anggi Riski,5,2026-05-02 16:40:08,kode otp nomer sayah gax muncul² terusss
Endang Subekti,5,2026-05-02 16:32:58,pelayanan cepat
Dimas S Nugroho,5,2026-05-02 16:26:58,mantab
Helda Helda,5,2026-05-02 16:23:16,ok
Sekar Fatin,1,2026-05-02 16:20:59,gangguan terus
Wati Sopiati,5,2026-05-02 16:11:14,sangat puas
SUHARTATIK SUHARTATIK,5,2026-05-02 16:04:46,"oke semuanya,sangat membantu terima kasih"
Riki candra nugraha,1,2026-05-02 15:40:33,tidak bisa cek riwayat anggota lain payah masa iya 1 kk harus punya apk 1 org 1 apk
CallMeMudza,5,2026-05-02 15:38:00,"nih makan bintang 5! BACA BETUL-BETUL... jangan mempersulit yang udah dipermudah, mau daftar aja jaringan harus bagus paket banget double, pake kendala 'gagal masuk ke server RS' dikira yang daftar paham IT apa, seharian cuma buat nunggu berhasil atau kagak daftar tapi ujungnya malah pesan yang di dapat"
Jo Bud ctr,5,2026-05-02 14:51:27,ok keren
Slamet Wahono,1,2026-05-02 14:47:17,susah untuk trima kode OTP
Sifanah Store official,5,2026-05-02 14:45:40,pelayanan bagus JKN tetap dipertahankan dan kalau bisa ditingkatkan pelayanannya
Achmad Farid Al farissi,1,2026-05-02 14:43:24,"Jujur harus banyak yang diperbaiki, apa apa di persulit ribet banget"
TRI NURROKHMAN,5,2026-05-02 14:31:31,is the best
Arif Suganda,3,2026-05-02 14:22:11,banyak komentar negatif ini membuat saya jadi ragu menggunakan nya
Inggrit Kartika,2,2026-05-02 14:05:19,ini kenapa ya mau login ajah gangguan terus
Yokz,5,2026-05-02 14:01:08,"simple , lebih mudah , aman, cepat"
Liya Paputungan,5,2026-05-02 13:51:43,sanag di rekomendasi kan😍😍
Roy Manurung,5,2026-05-02 13:34:58,membantu untuk mengecek status keaktifan akun BPJS kita.
Hilda Fajrin,3,2026-05-02 13:08:45,josjis
Eman Wijaya,5,2026-05-02 13:05:19,mantp
divolim glt,5,2026-05-02 12:34:43,good app
Ahmad Sopian,5,2026-05-02 12:30:18,Good
Muhamad Wisnu,5,2026-05-02 12:27:07,"NIH GW KASIH BINTANG 5 BIAR DI BACA!!! APK GAJELAS GAUSAH DI DOWNLOAD, MALAH GA BISA DAFTAR ANEH"
Handika,1,2026-05-02 12:26:06,"kode otp lama,sudah diulang 10x,disuruh menunggu,hasil tetap tidak bisa"
muhammad rifan,1,2026-05-02 12:13:49,"aplikasi gak jelas, mau daftar aja susah"
Anisa Nurhayati,5,2026-05-02 12:07:21,lebih memudahkan dalam aplikasi
Jaja Yunza,5,2026-05-02 12:04:15,membantu
Maskana Maya,5,2026-05-02 12:01:12,OHHH TERNYATA BUKAN CMA AKU DOANG YG DAFTAR PAKE NOMOR GA BISA PADAHAL NOMORNYA MASI AKTIF. CAPSLOK NIH BIAR PUASS DAN DI LIHAT
Bondrie Drie,5,2026-05-02 11:54:35,sangat membantu untuk saya
Wisrii RN,3,2026-05-02 11:49:37,"duh aplikasinya gimana sh jelas "" pas bikin sudah terdaftar untuk autodebit giliran mau login suruh daftar lagi mana otp nya susah gimana mau ngecek kalo gini"
NUGROHO ROSIANTO,5,2026-05-02 11:45:02,praktis
Wong desso Channel,5,2026-05-02 11:36:37,mudah dan aktual
Herlina w Herlina,5,2026-05-02 11:26:40,"semoga selalu seperti ini,mudah di akses aplikasi nya😊"
Dzaky Arya Yuda,5,2026-05-02 11:21:48,baik. sangat terbantu
Martinw Wijaya,1,2026-05-02 11:01:46,nyusahin
Q Rul Amin,1,2026-05-02 10:53:31,"aplikasi ribet, verifikasi susah mau ambil antrean kadang error. indonesia repot banget kalo urusan administrasi gini."
"Rensy Ayudya, A",5,2026-05-02 10:47:51,Sangat membantu🥺🥺🥺🥺
Agus Herianto,4,2026-05-02 10:41:34,bagus
Zaskia Yaw,5,2026-05-02 10:36:04,sengaja kasih ni rating biar di notice kok ni apk apa ngebug saya daftar pake aplikasi ni sore datang lah terus pelayanan nya bilang dokter pengganti nya datangnya malam jam 7 dokter yang dipilih lagi cuti .kok bisa lagi cuti ada pilihan dokter ini . nah ga lama saya cek buat mau brngkt kesana tulisannya udah selesai pemeriksaan pdhl saya belum datang dan periksa ke klinik nih
Alvian Syah,5,2026-05-02 10:24:37,Knp aplikasi nya ga muncul ya...
Hendra Maulana,5,2026-05-02 10:10:23,baik pelayanan
Satrul Laili,5,2026-05-02 10:03:41,bagus
ATL Musthafawiyah,5,2026-05-02 09:57:35,mantap
Mas Sayur,5,2026-05-02 09:54:44,☺️
Ila Nurlailasari,5,2026-05-02 09:48:45,Kenapa Kartu KIS PBI saA tidak aktif padahal mau dipake lahiran
M Bagus Ardiansyah,5,2026-05-02 09:48:38,sangat membantu dan memberikan manfaat bagi keluarga saya
Arista Eka Putri,1,2026-05-02 09:35:16,"aplikasi jelek banget, masa kode otp ga ke kirim-kirim haduhhhh.."
Winata Riski Maulana,5,2026-05-02 09:31:23,Mantap
silvia ibrahim,5,2026-05-02 09:15:58,aplikasi jkn sangatbantu
Aisyah Nisfia,5,2026-05-02 09:08:30,cepat tanggap
Sirly Miranda Julianti,5,2026-05-02 09:05:17,Alhamdulillah Sehat Lagi
bowo prabowo,5,2026-05-02 09:04:11,bagus mudah membantu
Trio Inces,4,2026-05-02 08:44:23,gak bisa masuk ya kak
Fahrur Rozy,1,2026-05-02 08:43:11,"buruk, verifikasi nomor telefon gak muncul"
Zainab Aja,5,2026-05-02 08:27:40,sangat membantu dan bagus
Agung Septian,1,2026-05-02 07:59:40,"pelayanan BPJS hanya bisa dihari kerja saja sedangkan hari libur dan Sabtu Minggu tidak bisa,,, emangnya KLO sakit bisa memilih hari...??? sakit nih pemerintah"
Mak sum,5,2026-05-02 07:38:33,Alhamdulillah banyak kemudahan
Sir maidin,5,2026-05-02 07:34:56,"berguna,,,"
Indah Samudra,2,2026-05-02 07:03:33,ini gimana aku mau long in kok ngk bisa
agra mahardika,5,2026-05-02 06:54:10,tapi kenapa sering susah dibuka ya
Nurul Tatarahmi,5,2026-05-02 06:38:16,mudah
Tri Widhiastuti,5,2026-05-02 06:30:12,semakin memudahkan
Bilqies Syafiq,5,2026-05-02 06:25:03,membantu banget
MUKHLIS,5,2026-05-02 06:16:30,ok
Ayu arini sugiarti,1,2026-05-02 05:53:39,"kenapa si masalah kesehatan aja di persulit , knp hrus lewat aplikasi segala macem, kesehatan nyangkutin mslh nyawa(urgent), orng tua yg biasanya ke RS sndiri jadi gabisa karna ga ngerti pake hp, mana apknya burik lagi ga masuk masuk otp SMS nya, yg masuk cuma otp email, tolong dong jangan semuanya di persulit, mending normal lagi aja kaya dulu, ga semuanya hrus lewat apk, ga semua warga punya hp, ga semua warga ngerti hp, anak muda aja bnyk yg kesulitan dan keberatan, apalagi lansia?"
Sofiatul Hasanah,1,2026-05-02 05:36:34,"aplikasi menyusahkan banget daftar salah""teros padahal semua udh sesuai"
jamur krispi,1,2026-05-02 05:33:36,"update hari ini, saya kan lupa sandi. saya harap otp dan sebagainya masuk ke nomor tertera. ini sudah sesuai tapi kok tidak bisa ya. gagal terus notifikasinya"
Ibrahim,5,2026-05-02 05:16:29,keren
Agus Aulia,5,2026-05-02 05:12:10,minta tolong kenapa tidak bisa merubah alamat
Sumiati SPd,5,2026-05-02 05:04:03,Sangat membantu dan memudahkan saya dan keluarga
Francesca Judith,2,2026-05-02 05:00:01,ga bisa verifikasi no hp
Untung Mulyono,5,2026-05-02 04:55:38,Dengan bantuan mobile JKN sangat membantu dan praktis bagi peserta BPJS.
mbach sopyan,5,2026-05-02 04:39:41,trimakasih pemerintah Indonesia
Kefin Surya Maulana,5,2026-05-02 04:39:17,nice
ysur 1234,5,2026-05-02 04:33:58,"sangat puas appl jkn mobile ini,karena pelayanan pakai bpjs bi kesehatan ini ,sangat memudahkan pesertanya jika mengalami keluan atau sakit jika mau berobat ataupun mau rawat inap,trimakasih bpjs dan pemerintah .."
Ivan Maulana,1,2026-05-02 04:33:49,aplikasi pelayan kok gini amat minta kode verifikasi HP aja nggak di kirim sangaatt lemot pelayanan taik
Yono,5,2026-05-02 04:22:58,mobile jkn terbaik membantu banget
Sima Wijaya,3,2026-05-02 04:21:32,"cuma mau perbaiki kata sandi aja, ribetnya bukan main astaghfirullah astaghfirullah"
Muhammad Dudung,5,2026-05-02 04:03:53,baik
Edi Rusmana,5,2026-05-02 03:43:34,baik
Dira Okta Erlinda,1,2026-05-02 03:43:31,"aplikasi banyak cacatnya, verifikasi wajah selalu gagal, email gabisa, sedangkan dari no tlpn ga dikirim otpnya, pas coba lagi malah billing eror, udh ikutin panduan, udh coba segala cara, sampai ganti hp pun tetep gagal, katanya mau mempermudah tapi verifikasi aja ribet, aplikasi sampah"
Paulo Farid.10,5,2026-05-02 03:40:20,bagus
dhesen carlez Carlez,5,2026-05-02 03:36:57,good
Nur Agun,5,2026-05-02 03:36:24,𝒔𝒂𝒏𝒈𝒂𝒕 𝒃𝒂𝒈𝒖𝒔
bang uci sanusi,5,2026-05-02 03:34:45,terimakasih
Sumini Timan,5,2026-05-02 03:22:48,bagus dan memuaskan
Joko Putro Martopo,5,2026-05-02 03:19:28,bagus....#capca(huruf) bagi kami yg SDH lansia cukup merepotkan
Mahfud,5,2026-05-02 03:14:57,mantabek
Nelly Hadinata,1,2026-05-02 03:10:40,"ini apps aneh banget gak kek dlu, saya mau bikin janji temu aja susah banget, sdh ke rs dapat surat kontrol utk bln dpn tpi di jkn selalu gak muncul , pdhl surat rujukan masih 2 bln lagi. ini gimana mempermudah kalau gini aja apps suka error /bug."
Teguh Kusaini,5,2026-05-02 03:01:01,ok
Nova Ranggayo (GUSENG),1,2026-05-02 02:52:02,app yg tidak jelas kode otp gk bisa pas daftar no hp gk masuk² sudah beberapa kali coba dan ganti no juga sama saja buang² waktu download app ini gak guna
Zaelani Irfan,5,2026-05-02 02:49:58,good
Ferry Satrami,5,2026-05-02 02:46:17,pelayanan baik
Bang Rendy,1,2026-05-02 02:45:52,kode OTP susah
kampung fana,1,2026-05-02 02:43:34,"setelah pembayaran bpjs, update nya lama bngt, padahal mau di pake sekarang"
Sabrow SM,3,2026-05-02 02:42:15,sekarang agak susah masuk ke apknya
heri kusdiyanto,5,2026-05-02 02:39:12,ok 👍
LASMINII,5,2026-05-02 02:37:40,sangat membantu sekali terimakasih
dina uswatun,1,2026-05-02 02:36:27,"haaahhhh ora masuk jkn susah masuknya bikin moodku berantakan ,,Mlah bikin emosiii aja"
Hendra Arini,5,2026-05-02 02:28:32,sangat mudah
Agustinus Kusharyanto,5,2026-05-02 02:24:53,sangat membantu dalam kelancaran
Nugrawati,3,2026-05-02 02:24:08,"ni apk knpa si,minta kode verifikasi ke no hp gprnh masuk kodenya ditungguin lama gmasuk msuk"
haliima saidah,5,2026-05-02 02:21:41,membantu sekali
chev chellyoz,5,2026-05-02 01:58:39,ok
Cici sarba Sukari,5,2026-05-02 01:38:56,baik
Maman Rukmana,5,2026-05-02 01:36:18,Aplikasi berjalan dg lancar Terima kasih 🙏
Fatir Irsando,1,2026-05-02 01:26:13,kode OTP nya ga dikirim kirim
Husin Zubaidi,5,2026-05-02 01:10:53,sangat baik...tingkatkan dan pertahankan...
Rai Gunawan,5,2026-05-02 01:02:46,good
Putri Nova Dinata,1,2026-05-02 00:39:50,"aplikasi ga jelas,otp ga masuk masuk,ga bilang dari awal kalo password ga boleh pake spasi"
Tridhan Poluruy,5,2026-05-02 00:34:18,Alhamdulillah sangat membantu
Heny Hendriyani,1,2026-05-02 00:14:39,yang bikin aplikasi ini anak SD atau pemula sih sebenernya ? bukannya mempermudah malah mempersulit
Lazarua Pit,5,2026-05-02 00:04:55,"GA BISA LOGIN, GAGAL MELULU! APLIKASI PAYAH!"
GIGIH SUTANTO,5,2026-05-01 23:46:20,nyaman di gunakan untuk mengubah data
Hery Janchok69,3,2026-05-01 23:42:37,aplikasi ga jelas
Humayra Wahyudin,5,2026-05-01 23:14:09,sangat membantu
Yasta Hadi,5,2026-05-01 23:08:32,👍👍👍
Siroj Alhadi,1,2026-05-01 23:01:47,"ngaco ini aplikasi pemerintah, bikinnya mahal tp banyak banget errornya. Tiap mau ambil antrian error, tiba2 log out mau log in lagi error, curiga ini duit buat ngembangin apk 20% sisanya masuk kantong masing2"
Avrida Ariatun,2,2026-05-01 22:47:17,"_*LAMA3. NGESELIN SUDAH DIKASIH AKTIF ,EH TIBA3 DISURUH LOGIN. SUDAH DILOGIN GA BISA3,,PADAHAL SUDAH DIISI BENER , TAPI GA BISA3 JUGA DIBUKA...P E R CU M A ,,BIKIN. EMOSI,,NYUSAHIN RAKYAT UMUR 58THN Q..SUSAH & GA BISA DIBUKA JKN,,NANGGUNG BANGT PEDULIy*_"
Iyuk Rukmana,5,2026-05-01 22:39:10,lebih praktis
dimas apriwiantoro,1,2026-05-01 22:24:41,"aplikasinya terlalu ribet daftar harus lewat no hp tapi kode gak masuk² lewat sms, verifikasi wajah pun gagal terus untung bisa dilewati, nah kalau lewat email aman tolong donk diperbaiki aplikasinya bukan malah memudahkan ini malah bikin sulit 1 hp 1 akun padahal dalam 1 kk tolong donk untuk peserta anak bisa gabung sama ortunya jgn pisah² akun, kan tidak semua anak sudah punya hp"
Suwung John,5,2026-05-01 22:21:35,sangat membantu
Muhamad Reza Budi Sr,1,2026-05-01 22:07:08,gk bisa masuk terus. alasan hp root. pdhl kd
IDAM LAS,5,2026-05-01 21:44:08,"tolong update lagi jknnya . biar tiap ada perubahan status pembayaran hasilnya langsung terlihat di aplikasi. kaya aplikasi brimo,shopeepay dll"
Abu Rizal Triputra,1,2026-05-01 21:23:50,"aneh banget ini aplikasi, padahal gua udah daftarin no hp sama email pas di suruh verifikasi lewat sms ga bisa karna nomor kosong, pake email ga bisa kosong juga terus pake muka gagal terus udah jelas2 pas daftar gua udah masukin nomor dan email lengkap, jadi ga bisa di pake ini apk kalo ga bisa verifikasi bangke 👎"
Etheldreda H P Tuturop,1,2026-05-01 21:18:59,"jelek banget anjir. udh pernah login tapi suruh daftar lagi. trus pas daftar ulang akunnya lagi katanya nama TTL nya salah, padahal udah jelas² benar dengan KTP maupun KK"
Adisuri astama,5,2026-05-01 20:52:05,oke
Noer Casper,5,2026-05-01 20:29:37,"nih dah tak kasih bintang 6, masukin nomer gabisa terus gokkk"
dony wahyu,5,2026-05-01 19:43:25,mantab
Raja Muhammad Firman Akbar,5,2026-05-01 19:16:55,sangat di permudah... terima kasih
Noerani Sjampoerna,5,2026-05-01 18:45:09,terima kasih
ayi Asrizal,5,2026-05-01 18:38:27,sangat membantu
Revito claudioz,5,2026-05-01 18:13:33,oke
Gatoloco87 Gatot,5,2026-05-01 16:58:57,bagus
Fenk Garden,5,2026-05-01 16:52:54,hebat
Nurhasanah,1,2026-05-01 16:41:47,"ribet banget gabisa verifikasi wajah gara2 no telpon beda, mau ubah no telpon harus verifikasi wajah dlu. Hadehh muter2. ujungnya hapus pengaturan akun mlh gabisa login sama sekali. Hubungin no sesuai arahan ga membantu"
Septiadi Kiko,5,2026-05-01 16:13:41,sangat cocok untuk membantu memudahkan untuk kesehatan
Riskii Teet,1,2026-05-01 16:00:13,"aplikasinya rusak, sering terloguot sendiri. coba di loginin bacaannya gak terdaftar. coba registrasi ulang masa data gw gak cocok padahal nik tgl lahir udah sama semua hadeuhhh...ribet nya hidup di negara ini bukan mempermudah masyarakat malah bikin puyeng masyarakat"
Ralas Rahmaddin,5,2026-05-01 15:46:54,mempermudah urus kesehatan
Sony,5,2026-05-01 15:30:29,Lebih mudah mobile JKN
Rachmat Hidayat,5,2026-05-01 15:05:25,Sangat bermanfaat dan mudah digunakan
Haryoto 10,5,2026-05-01 15:03:52,mudah di akses
Ferry Aldi,1,2026-05-01 14:37:20,"server sampah kebanyakan dikorupsi, terus aja tiap hari mau buat akun ""permintaan anda tidak dapat diproses, silahkan coba lain kali"""
Ajit Saputro,3,2026-05-01 14:28:04,"tolng ini adminya, no hp saya kenapa nggak bisa buat bikin akun, tolong lah di perbaiki"
Ayu,5,2026-05-01 14:24:37,Mantap
RUANG ILMU CHANNEL,5,2026-05-01 14:16:39,aplikasi mudah digunakan
Dicky Fermana,1,2026-05-01 14:12:33,apk ribet
MUHAMAD DZULPA ARDIANSYAH,5,2026-05-01 14:07:59,pelayanan ramah
Erry Noviono,5,2026-05-01 14:06:45,Bagus sangat membantu
Shinta Dhamayanti,5,2026-05-01 13:57:47,bagus
Ndaa Ndaa,4,2026-05-01 13:37:52,apknya bagus
Edeltrudis Owa,5,2026-05-01 13:02:31,bagus
amaliansyah,5,2026-05-01 12:56:30,sangat membantu masyarakat perihal kesehatan
Kazami Azure,1,2026-05-01 12:46:00,aplikasi pembodohan kirim kode otp gak bisa server gak pernah di perbaiki
Khofifatul Laily,5,2026-05-01 12:43:26,bagusss
Meiling Angel,2,2026-05-01 12:33:37,bosen banget keluar sndri mulu
Isma Wati,1,2026-05-01 12:27:10,"KENAPA HARUS AUTODEBET SIH?!! ITU KENAPA GAK ADA TULISAN NON-AUTODEBET AJA? PILIH NON BANK GAK BISA LAGI. KEMARIN UDAH MASUK, INI SAYA MAU NGE CHECK VA NYA BUAT BAYAR MALAH GAK BISA LOG IN!! ASTAGHFIRULLAH GIMANA DONG?!!!"
Muh Faudzan. S,1,2026-05-01 12:24:52,kode OTP nya gak masuk kalau lewat Nomor
Atun Tina tun Tina,3,2026-05-01 12:00:10,untuk pembaruan tiga aja dulu
Uto Jumanto,5,2026-05-01 11:57:49,ok
Usmara B,5,2026-05-01 11:54:26,good
HidayatNur,1,2026-05-01 11:36:37,"aplikasi bobrok, ngirim kode SMS otp lama banget"
Tomat Sondem,1,2026-05-01 11:34:48,di aplikasi keluarga terdaftar semua email udh di ganti sama semua tapi tidak muncul juga saat liat kartu yg terliat cuman kepala keluarga tolong dong di perbaikin aplikasinya jangan menyusakan
Andrian Ciber,1,2026-05-01 11:29:44,apk proyek nga jelas bukan nya mempermudah tapi malah mempersulit banyak sekali kendalan nya setiap kali mau ambil antrian online
Panji Wicaksono,1,2026-05-01 11:19:42,woey ini bikin aplikasi gajelas mau verif nomer sama email aja susah nya minta ampun
Arya Suta,3,2026-05-01 11:18:55,anak saya tidak terdaftar di aplikasi JKN padahal sudah saya daftarkan apa sebabnya?
Yazid Afgan,1,2026-05-01 11:18:45,tolol
Jajang Fauzi,5,2026-05-01 11:11:57,sangat bagus ada y aplikasi JKN
Angga Pad12,1,2026-05-01 10:58:11,"kode sms gak masuk"""
Indri Yani,5,2026-05-01 10:48:02,sumpahh kenapa pas mau otkp nomer di tunggu SMS malahh gaada udahh coba berkali kali tetep gaada
Pebi Harmonis,5,2026-05-01 10:43:59,ok
Deni Ajadah,5,2026-05-01 10:40:35,mantap
abdul wahid,5,2026-05-01 10:28:43,Pendaftaran kesehatan jadi mudah
Wong Deso,5,2026-05-01 10:17:49,mantap
rajif fahmi,5,2026-05-01 10:07:28,sukses
Ijum E,5,2026-05-01 09:56:58,"baru x ini nemuin aplikasi pemerintah yg mudah di akses dan tak berbelit Belit dalam menggunakan nya,mantap terimakasih"
Edi Prawira Simanjuntak,5,2026-05-01 09:51:15,mantap
Tasyiem Sanjaya (bokap Tasyiem),5,2026-05-01 09:41:55,semoga bermanfaat buat kita semua..
Bang Arhan,1,2026-05-01 09:34:59,"apk budget mahal hasilnya diluar nuril definisi ada yg susah ngapa cari yg gampang, sms otp ga sampe2 gmn mah daftar juancukkk"
Kusumayasa _3,1,2026-05-01 09:11:02,"aplikasi gajelas bisa""nya kesehatan konoha pake aplikasi ini gajelas trus gagal login sudah cari tutor sana sini sudah ikuti dari 0 ttp gabisa"
Er Dan,1,2026-05-01 08:57:15,aplikasi ndableg.. Slalu keluar sndiri..
Azmi Alhakim,1,2026-05-01 08:42:10,"Ribetnya astaga, udah jadul, sering eror. Kerja yang bener napa."
muhammad thoriq,1,2026-05-01 08:40:27,Verifikasi wajah gagal terus tanpa ada alasan. Buat aplikasi nya yang bisa verifikasi wajah tanpa ribet gagal terus
Komang Arsa,5,2026-05-01 08:27:57,mantap
Gatot Subroto,4,2026-05-01 08:23:16,"susah daftarnya, mau masuk vertifikasi otpnya gak ada balasanya."
mad Growi,5,2026-05-01 08:19:48,gak bisa dibuka
Fatchul Kirom,2,2026-05-01 08:11:40,"masa harus login terus tiap buka aplikasi tiap beberapa hari sekali, bikin ruwet saja gak bisa langsung tersimpan loginnya, masa tiap mau daftar harus ganti paswort"
Achmid Arif,4,2026-05-01 08:08:49,"sangat membantu sekali,, di saat pasien sdg darurat,, kita bs daftar via online lewat jkn,, trmks."
marlina ana,1,2026-05-01 08:00:39,"aplikasi ngawur, tidak bisa login dan harus daftar autodebit. padahal bank dan layanan lainnya masih terbatas. kalau tdk punya bank nya apa harus bikin akun bank lain hanya untuk bayar BPJS. perbaiki sistem yg mengharuskan autodebit hanya untuk login aplikasi kalau belum bisa ALL BANK"
Muhamad Abdul,1,2026-05-01 07:57:23,apk ga jelas susah untuk daftar kode otp ga muncul nunggu sampe tua jga ga muncul
Dwi Lestiani,1,2026-05-01 07:46:55,"verifikasi wajah susahnya minta ampun tu knp sih? dari semalem sampe sekarang gagal terus, pindah tempat sampe panas panas jg tetep gabisa, ganti hp juga masih gabisa, trus maunya tu apaaa?????"
Wulan Channel,5,2026-05-01 07:44:59,sangat berguna.. tak perlu ke kantor lagi untuk ubah faskes
IRAWAN JEJAK,1,2026-05-01 07:29:29,apknya kurang baik.. rekam wajah gak bisa terus... kenapa gak ada perbaikan
eddy wamese,5,2026-05-01 07:24:10,sangat bagus dan berguna
Kacang Tanah71,5,2026-05-01 06:52:26,pelayanan bagus tapi banyak kendala sistem di aplikasi jkn
gin gin ginanjar,3,2026-05-01 06:51:41,kalo bisa.harus nya urusan rujuk merujuk jangn di kaitkan ke akun jkn mobile.sekalinya ganguan jkn mobile.se indonesia ga bisa di rujuk ke rs.langsung ajah tingkat pkm langsung dengan rs jika ada rujukan.jangn harus masuk dulu jkn mobile.biar ga menghambat yang semestinya cepat cepat mau berobat.yg memprsulit nya adalah cara daftar jkn mobile.sngat sulit.kenapa ga di permudah.
Nur puji,5,2026-05-01 06:51:27,sangat bagus
galih fergus rizky,5,2026-05-01 06:41:58,mantap. apps sudah berkembang
Wandaa TraderFX,1,2026-05-01 06:41:22,pas verifikasi wajah di tolak terus di bilang sistem sedang ada kendala kurang personil kamu ya di Sana
Neng Sarni,5,2026-05-01 06:38:38,baik
Bang Hen,1,2026-05-01 06:38:16,minta otp tidak pernah ada balasan di coba berapa kali tetap tidak ada makin di update makin parah ni aplikasi
ANGGA JAKARIA,1,2026-05-01 06:31:59,apk sampah login/daftar aja susah heran sama anggran nyangkutnya kemana. mending hapus aja di apk gk ada kemudahan sama sekali
Delisa Riyani zafira,1,2026-05-01 06:23:02,bintang satu aja udah berapa puluh kali daftar tetep aja gagal di verifikasi wajah yang bener kalau bikin aplikasi kalau tidak bisa mendingan jangan ada sekalian
reihan ns,5,2026-05-01 06:21:42,sangat membantu
Tarmiji Taher,1,2026-05-01 06:15:38,aplikasi yg sangat menyusahkan login susah ngirim kode ke no hp hapir 3 menit di tambah gagal terus sayah kasih bitang 1 malah gk usah di kasih bitang
Muhammad Kholilullah,5,2026-05-01 06:14:51,bagus
Dhuwek Warwor,5,2026-05-01 06:14:01,"saya keluarga pasien anggrek 7b,BP kirmono selama dirawat puas dg pelayanan ,perawatnya ramah2"
Setiono Agus,1,2026-05-01 06:10:46,pindah faskes aja gagal2 mulu
Syahrial Iyank,5,2026-05-01 06:10:16,👍
Henny Seniwati,1,2026-05-01 06:01:52,JKN bikin kesel br daftar kembali blm ada 1 mgg dah keluar lagi srh dftr lagi. dr dl bgni nih jlk nya aplikasi JKN. tolong donk di perbaiki knp hrs keluar tiba2.
la adi,1,2026-05-01 05:57:00,padahal di gaji buat bikin apk ini tapi kayak sumbangan gak gak jelas
Anur (Nui),2,2026-05-01 05:54:44,"parah untuk registrasi saja sangat sulit, apa apa selalu dipersulit"
N Lastri,1,2026-05-01 05:39:25,"loba pisan gangguan na aduh jkn teh kumaha, aplikasi teu di buka log out sorangan ,terus kata sandi poho edek di ganti kode otp na teh kana email eweh kana sms eweh. kumaha sih meni asa loba pisan gangguan na, tolong lebih di perbaiki lagi. buat lebih mudah yahh tolong🙏"
absensi berahlak,1,2026-05-01 05:32:26,mobil jln tidak bisa memverifikasi wajah.tolong di benahi.karna dengan aplikasi mobil jkn syarat rujuk merujuk di sana
M Y Trisna S,1,2026-05-01 05:32:24,"aplikasi dajal, sistem rumit sekali, bapak saya lupa sandinya mau verifikasi lewat nomor hp tidak ada masuk ke sms, mana captcha nya sangat rumit untuk sekelas orang tua"
NANA YUSRILYANA,1,2026-05-01 05:31:44,daftar malah gagal terus gimna inj ..malah suruh coba lagi aja terusssss
Khusnul Hidayati,1,2026-05-01 05:29:03,aplikasi buatan pemerintah selalu jancookk
Nuztia Tinur,1,2026-05-01 05:25:56,aplikasi apaan ini gak jelas mau daftar aja susah sekali sampe berkali2 gagal trus pdahal kuota pulsa full sinyal lancar
Abdul Mukti,5,2026-05-01 05:22:59,Sangatt membantu
ITS DUWIQ,1,2026-05-01 05:19:56,lupa kata sandi mau ubah susah bgt...kode konfirmasi ga di kirim2... aplikasi broken
Gasa Nenjagra,5,2026-05-01 05:19:52,sangat memuaskan dan pelayanan sistem yang sangat cepat
Amanda Tia,1,2026-05-01 05:16:10,"verifikasi wajah selalu eror, aplikasi sampah nyusahin"
Jati Hatijah,1,2026-05-01 05:13:12,"pelayanan parah mau login ajah susahnya minta ampun apk selalu ke logout otomatis,mau rubah data dipersulit udah call 165 diarahin kepandawa..udah chat Pandawa responnya lama banget belum dpt solusi pihak Pandawa sudah mengakhiri chat..tolong jangan dibikin repot begini ."
Frida Riyandari,1,2026-05-01 04:55:36,"Susah digunakan, saat daftar no hp gagal berkali-kali."
Dwi Syam,1,2026-05-01 04:54:45,"knapa ya diindo kl urusan teknologi,kayak ga becus. aplikasi kok gak jelas bgt. malah ribet. rata2 pada keluh yg sama. tapi gak diperbaiki. orng pinter IT disini pada kabur keluarnegri. disini gak dihargai.makanya yg buat apk kayak anak magang."
Amres robindra,5,2026-05-01 04:54:08,mempermudah banyak hal terimakasih layanan mobile JKN
Siti farida Nurjanah,5,2026-05-01 04:48:37,pelayanna bagus
mansuren saputra,5,2026-05-01 04:42:35,Mobil jkn untuk mempermudah dalam mengakses semua informasi yang menyangkut dengan bpjs kesehatan
Muhammad Al alif Hutama,5,2026-05-01 04:29:33,ok
Arya Dwi Saputra XII TKR1,1,2026-05-01 04:29:22,di aplikasi tertulis setiap tanggal 10 baru ada tagihan pembayaran tapi ini baru tanggal 1 udah ada tagihan
iqbal guerra,5,2026-05-01 04:20:01,Very good
Fatur Raza,1,2026-05-01 04:17:32,APLIKASI GAGUNA DAFTAR JKN BIKIN RIBETTTT
Reni Oktavia,5,2026-05-01 04:13:50,sangat membantu
Irfan Syah,1,2026-05-01 03:51:18,Mentang' mau brobat pake bpjs jadi di persulit fto pake muka senyum kedip kanan kiri tetep aja gabisa harus ulang'!!.
Ilham Abenk,5,2026-05-01 03:45:02,sangat mmbantu lah pokok xa..
Muhammad Mu'min,1,2026-05-01 03:44:27,tidak bisa mengambil no antrian dan susah untuk login
Udi Mas,5,2026-05-01 03:43:49,"kenapa harus masuk dari awal terus, terlalu lama untuk pengguna yg sudah lanjut usia harusnya kalau sudah pernah masuk ya aktif terus biar bisa langsung dipakai, maaf menurut q itu bug yg perlu dipertimbangkan"
Inddry Novianty,1,2026-05-01 03:39:11,TOLONG DONG BUAT SEMUA YG DI BIDANG KESEHATAN JANGAN APA-APA TUTUP! ORANG LAGI SAKIT BUTUH PENANGANAN MALAH TUTUP TAPI DI APLIKASI TERSEDIA!!!!
Marleni,2,2026-05-01 03:34:10,mau verivikasi wajah aja susah bngt gak bisa2
Cahyadi Arry,1,2026-05-01 03:28:36,"ini itu gagal trus, mau berobat di bikin susah,"
Panjestar,1,2026-05-01 03:28:13,"sekelas aplikasi pemerintah sejelek ini, mau daftar aja eror terusss, susah bener hidup di indonesia ini untuk berobat saja"
Roh Ayah,5,2026-05-01 03:17:42,sangat membantu dalam proses kesehatan
Rangga Maulana,1,2026-05-01 03:17:28,apk apa ini jelek banget verifikasi muka udah bener tetep aja coba lagi coba lagi
Miftahudin Miftah,5,2026-05-01 03:10:40,bagus
Revs you heart,1,2026-05-01 03:10:15,"aplikasi mobile jkn ini sangat buruk tidak membantu lupa email minta kirim nomor kode otp kartu mesti ada pulsa,,"
nia kurniawaty,5,2026-05-01 03:05:54,sukses melakukan perubahan data 👍🏻
Luthfia Salsabilla,5,2026-05-01 03:03:33,Keren
hao mie,1,2026-05-01 02:52:18,"gabisa, mau cek aktif tidaknya BPJS pas di scan muka gabisa terus sudah coba berulang"
SHABGY GT,1,2026-05-01 02:34:05,hadehhh
Bojong Genteng,5,2026-05-01 02:33:56,membantu
FARHAN HASBI ANSHARI,1,2026-05-01 02:32:56,aplikasi gajelas mau ambil antrian gagal terhubung ke server terus udah berapa hari masih sama aja gagal terhubung ke server rumah sakit aplikasi aneh mempersulit ga membantu sama sekali!!!!
Rezky Firmansyah,1,2026-05-01 02:32:31,"katanya daftar lebih di permudah, mana ada.. ini di persulit parah, mau verifikasi wajah gagal² terus.. gk guna banget bikin apk, gk tau orang lagi butuh kalo² ada keperluan mendadak di RUMAH SAKIT/PUSKESMAS yg di minta itu data dari JKN ini.. tolong di perbaiki, jangan cuma mau untungnya aja🙏🏻"
Ahmad Nurkhotim,5,2026-05-01 02:24:56,semoga sehat
Yayah Ruhiyah,5,2026-05-01 01:55:32,sangat membantu dengan ada nya jln mobile
Okti Dwi Novita Faradina,5,2026-05-01 01:52:49,sangat membantu sekali
Riyan Saputra,5,2026-05-01 01:48:34,mantap
Muhamad Afifudin,1,2026-05-01 01:46:43,aplikasi gak ada manfaatnya gk bisa buat akun kaya tokaii
Rohit oit,5,2026-05-01 01:43:05,sanggar baguss
Novia Ramdani,1,2026-05-01 01:41:37,gak jelas error terooooosssss
Muhammad Deril Syailendra,1,2026-05-01 01:38:14,APLIKASI SAMPAH MEMPERSULIT
el rachanun,1,2026-05-01 01:27:24,"kamera verifikasi nya di miror, kenapa co?? kalau bukan karena buzzer dah ratting bintang 1 nih apk"
Eru Prama,1,2026-05-01 01:09:30,Parah Ngk bisa digunakan beda Provinsi (Dinonaktifkan) harus ganti data alamat sedangkan Kk masih alamat lama (3 orang) di suruh ngurus ke provinsi tempat asal
Steven Jago valorant,1,2026-05-01 01:03:39,tolong lah diperbaiki itu sistem kode otp nya udah nunggu berapa jam gak ada masuk ke chat sama juga sering eror dan di suruh coba lagi aneh banget ini sistem bobrok
Nadia,1,2026-05-01 00:59:56,mau login dipersulit gajelassss
Sopi Ariyanti20,5,2026-05-01 00:48:00,Alhamdulillah Sangat membantu
Amril Hamzah,5,2026-05-01 00:43:45,bagus sangat membantu
Muh zainal#026,1,2026-05-01 00:42:49,cuman minta kode OTP aja sampai sekarang gak di kasih.terus waktu tunggu kirim ulangnya juga lama 300 detik.udah 10X gw ulang gak di kasih kode verifikasi nya
Jhoni Ponsen,1,2026-05-01 00:34:52,aplikasi panipuaan yg cuma ingin mendapatkan nik dan data orang lain hati -hati buat yg lain
Putri Imaniar tanjung,5,2026-05-01 00:29:41,sangat membantu
Sri Hendrayanti,1,2026-05-01 00:28:11,sdh ngikutin petunjuk ga bs log in..seharusnya memudahkan bkn menyulitkan
Yoga Hari,5,2026-05-01 00:25:01,jossss
Zutien -,5,2026-05-01 00:06:57,Perubahan Faskes 1 bisa dilakukan di aplikasi
Eka Mey,5,2026-05-01 00:00:18,trimakasih ya aplikasi nya sangat membantu.. terus bisa di gunakan yaaa 🙏😙☺️☺️☺️
Agus Prasetyo,1,2026-04-30 23:58:57,"makin kesini makin ribet dan susah di pake, tiap login gagal, disuruh daftar dari awal.. giliran daftar ga bisa.. Di betulin napa.."
Kamu Oppo bingits,1,2026-04-30 23:57:50,Ferivikasi wajah ga bisa bisa giliran bisa suruh coba lagi
putut wijanarko,1,2026-04-30 23:52:39,"kenapa susah banget buat ganti password, apakah akun saya sudah di blokir, mana bantuannya jangan bales ulasan dengan template otomatis"
ASEP SETIAWAN,5,2026-04-30 23:48:48,Memudahkan peserta
Taka no neeD.,1,2026-04-30 23:38:01,registrasi gak bisa mulu gajelas
Dzaki Jack,5,2026-04-30 23:32:29,bagus aplikasinya dan sangat bermanfaat
Nurhasan Romla,2,2026-04-30 23:30:17,"kode otp kok tidak dikirim, padahal kartu aktif, pulsa juga ada, tolong lah jangan dipersulit untuk daftar"
Edy Santoso,5,2026-04-30 23:28:10,sangat membantu untuk merubah data peserta dan mencari klinik terdekat
Reski Bahtiar,1,2026-04-30 23:27:25,"lupa pasword ,,gak bisa login email gak bisa no telp sdh mati mau daftar baru gk bisa krn sdh terdaftar rumit amat indo indo"
PLANET OLAHRAGA,1,2026-04-30 23:18:13,he tolongg verifikasi wajah nya di permudah bosssss
Bayyinati qodriyah Arrahma,5,2026-04-30 22:56:41,"Sangat membantu, mudah dimengerti"
Dwi Nur,5,2026-04-30 22:51:44,nice
aryoshow 1994,5,2026-04-30 22:49:31,good
Adrelia Mulyawati,2,2026-04-30 22:42:00,"Ini mobile jkn kenapa jadi begini sih, mau ganti faskes 1 aja harus pakai verifikasi muka lalu gagal terus, pas pilih lewat pin masih gagal juga. Tiap bulan saya bayar ontime loh, kenapa jadi dipersulit gini sih buat mindahin faseksnya? padahal mau dipakai buat lahiran akhir bulan ini."
Edi Sudaryanto,5,2026-04-30 22:35:07,aplikasi yang sangat bagus
lubna abdullah,5,2026-04-30 22:32:11,pelayanannya sangat bsgus dan tidak dipersulit
Zain_ Arrijal13,2,2026-04-30 22:11:48,"hapus aja sistem bobrok gini apa2 verifikasi wajah, mending lgsg bner udah ngikutin intrusi Ampe Teleng' susahnya minta ampun metode cara lain kek"
Taufik Taufik,1,2026-04-30 22:09:41,APK ANEH
Dedy Kurniawan,4,2026-04-30 22:07:09,ok
Putri Kamidia,4,2026-04-30 22:05:11,sangat bermanfaat dan juga lebih mempermudah masyarakat 😇🤍
joko sutrisno,5,2026-04-30 21:05:41,lebih cepat responnya
Novan Pratama,5,2026-04-30 21:04:27,mantappp! sangat membantu untuk berobat
Bram ram,5,2026-04-30 20:52:22,"Aplikasi ini sangat baik banget, luar biasa..."
Dewi Fitri,2,2026-04-30 20:49:08,"tolong donk aplikasi pemerintah jgn dipersulit,udh 3 HR ngurus"" bgnian ga kelar"" smpe pusing saya,sya masuk diaplikasi mobile JKN ga bisa ktanya akun blm trdftr,pas sya dftr ktanya akun sudah trdftr,pdhl saya menggunakan aplikasi ini sudah LMA,tp knp skrng JD bgni,tolong diperbaiki lg sistemnya,jgn BKIN orang pusing."
Muhammad Maulana,5,2026-04-30 17:45:52,sangat terbantu untuk kami yang kaum duafa..
Hanna Bangun,5,2026-04-30 17:16:07,bagus sekali
Eftim Joni pratama,5,2026-04-30 17:11:10,mantap layanannnya
Anisa Maulita,1,2026-04-30 17:00:57,gak keluar2 kode verifikasi nya mau daftar
Dirga Alinsky,1,2026-04-30 16:14:57,"apaan nih aplikasi. keluar logout sendiri katanya masuk di perangkat lain. udah gitu sekarang mau masuk kaga bisa. erorr ,gangguan dll . mau cek BPJS jadi susah"
Haya Khafizah,2,2026-04-30 15:49:13,"mau mendaftar saja susah, verifikasi muka selalu gagal padahal sudah mengikuti arahan, tolong diperbaiki lagi, agar tidak mempersulit"
Putra Pakpahan,1,2026-04-30 15:40:48,login aja susah banget aplikasi pemerintah
اند مرؤن ادج,5,2026-04-30 15:38:14,sudah kasih bintang lima tapi tolong buat isi nomor hp kok sudah isi nomor lengkap tapi masih belum lengkap gitu balasannya
Romli Hasan Wahab,5,2026-04-30 15:17:27,Alhamdulillah sangat menyukai
Yorry Arif,1,2026-04-30 15:01:38,"Data not found. Sering banget kek begini. Datanya anomali. Yg pake berjuta2 umat. Perbaiki dong aplikasinya, bikin mudah klik klik. Ga pake ribet. Kadang kebaca, kadang data not found. Ribet amat"
Tosca Biruhijau,1,2026-04-30 14:58:00,"mohon dibaca, bukan malah membuat cepat prosesnya, sekarang malah ribet. pake otentikasi wajah yang selalu gagal. lebih enak versi yang sebelumnya, cukup password atau pin sbnernya. untuk aplikasi yang sekarang justru membuat ribet"
Muhamad Iftar,1,2026-04-30 14:47:14,aplikasi paling busuk
Gesti Lilipory,5,2026-04-30 14:38:01,sangat baik
Nurul Kusuma Dewi,1,2026-04-30 14:33:49,sama kayak gendala lain otp tidak masuk
edi pirman,5,2026-04-30 14:12:26,"semakin hari semakin parah, dari layanan nya sampe APL nya, sungguh memprihatin kan"
drie_,1,2026-04-30 14:11:08,"aplikasi gepuk,susah banget login,kode error melulu bikin frustasi"
Fajri,1,2026-04-30 14:10:59,aplikasi eror di pertahankan
Hry,5,2026-04-30 14:07:11,ok
Muhammad Safuan,3,2026-04-30 13:53:31,bagus
TRI ATMADIAN,3,2026-04-30 13:47:26,sering offline pas butuh
Sudarsih Gawang,1,2026-04-30 13:34:33,semakin dipersulit
Chaerul_ Rahman,1,2026-04-30 13:31:54,"Tolonglah kepada pihak jkn jangan dipersulit untuk mengirim kode otpnya, mohon kebijakannya, klo gini pengguna bisa kecewa"
Anisa Nfs,1,2026-04-30 13:16:22,ini gimana mau masuk gabisa gini tiba tiba keluar ajah!!!!
Hafidz Adim,1,2026-04-30 13:15:49,"APLIKASI BANYAK BUG-NYA, MAU AUTO DEBIT AJA ERROR TERUS, SERING DOWN SERVER.. SAMPAH LAH"
dwiayu rosvitayanti,5,2026-04-30 12:58:09,Bagus
Billy F.,1,2026-04-30 12:51:04,"mau ganti faskes tingkat 1 susah, face recognition gajelas, udah coba berkali2 tetap gabisa, padahal sudah ngikutin instruksinya. beda sama face recognition aplikasi bank jauh lebih baik"
bil ly,5,2026-04-30 12:40:38,sangat membantu
akun.belajar,1,2026-04-30 12:37:57,"aplikasi jelek, padahal jaringan ku bagus2 aja tpi gagal terus karna koneksi. sring log out trs kata sandi salah padahal aku ingat sandi ku, klau mau masuk hrus klik ""lupa kata sandi"". kode otp juga ga masuk2, perbaiki dong aplikasi nya min"
aji widagdo,1,2026-04-30 12:29:50,"1. menu perubahan data peserta ga bisa dipakai...developer ayo perbaiki 2. proses daftar akun dan login ribet,, pakai sms untuk otp,,, ga modern ,,,sekarang aplikasi lain bisa pakai beragam alternatif cara kirim otp misalnya pakai whatsapp ayo masih jauh dari sempurna nanti kalau sudah sempurna saya kasih 5 bintang"
Irsyad Irsyad,1,2026-04-30 12:19:37,kode OTP tidak di kirim² sudah saya tunggu 2 kali selama 600 detik tetap sama tidak dikirim aplikasi tidak jelas cocok untuk bintang satu TIDAK REKOMEN BANGET 🤦🏽‍♂️
Heni,1,2026-04-30 12:09:26,SUSAH BANGET MAU LOGIN PADAHAL PASSWORD SUDAH BENAR!!!!!!!
Sutan Emirsyah Thaher,2,2026-04-30 11:52:18,"Aplikasi sering banget bikin akun logout sendiri, padahal beberapa hari sebelumnya udah login. Ketika dicoba login lagi, malah gak bisa diproses. Udah capek-capek login lho, sampe cari data NIK yang panjang. Aplikasi pemerintah kok begini banget? Ini bukan sekali atau dua kali lho. Ayo ditingkatkan dong!"
Arief Yuwono,1,2026-04-30 11:48:44,butuh perbaikan segera aplikasi tidak bisa dibuka. ada tulisan aplikasi tidak bisa dibuka karenadi root.padahal saya tidak pernah root
a iki,1,2026-04-30 11:44:41,gabisa mulu eror mulu sistem ofline mulu
Rustono Tono,5,2026-04-30 11:43:17,sengaja kasih bintang 5 kalo ga niat bikin aplikasi jangan bikin menyusahkan masyarkat aja
Julita M,1,2026-04-30 11:41:13,"verifikasi wajah gagal terus, ini aplikasi yg buat anak sd ya? tugas prakarya? sudah banyak ulasan jelek bintang 1 malah ga di perbaiki, susah memang produk pemerintah!"
t͓̽e͓̽r͓̽a͓̽ v͓̽i͓̽r͓̽g͓̽i͓̽n͓̽i͓̽a͓̽,2,2026-04-30 11:41:13,ko punyaku log out sendiri..... sekaeang mau log in ga bisa.....
Diva Putri,1,2026-04-30 11:38:34,"susah buat daftar, verifikasi wajah susah, masukin no HP otp nya LAMA BNGT, ribet bngt buat berobat doang daftar nya"
Semuel Pala'langan,1,2026-04-30 11:33:27,autentikasi wajahnya rusak/ jelek
AL'pin Jr,1,2026-04-30 11:30:59,aplikasi kagak jls mau daftar aja susah nya minta ampun.
SUHERMANTO,1,2026-04-30 11:27:23,"izin tanya donk admin.... istriku kena asam lambung sudah hampir 2 bulanan dari awal puasa itu, periksa juga sudah sering dikasih pun juga sering. penyakit tidak pas 2 bulan sakit nggak tapi kadang kambuh, dicek ke fktp juga sudah sering kadang enak an seminggu habis itu kambuh lagi. akhirnya aku punya inisiatif mau tak bawa ke spesialis saja istriku barang kali memang ada yang ganggu kesehatan nya dari dalam, pikir mu dikasih ternyata sama dokternya gak dikasih rujukan"
RIDHO OCTORADIKA,1,2026-04-30 11:27:19,MENYUSAHKAN UNTUK DAPATKAN KODE OTP SUSAH BANGET APLIKASI BOBROK!!
Putu Suryanatha,5,2026-04-30 11:23:54,👍👍👍
Zaimi Nur,5,2026-04-30 11:06:57,mantap...
feni rahma,1,2026-04-30 11:02:38,tidak bisa ubah faskes mana ngatur agar wajah masuk tu sulit.. sangat tidak bersahabat bagi yg minus.. stelah gagal verifikasi wajah dicoba pake pin juga gagal.. tolong bikin anggaram buat aplikasi kesehatan jangan hanya kaos kaki 100k to motor listrik buat mbg
tuti rahmawati alawiyah,1,2026-04-30 10:37:32,aplikasi mumet
Dwi Atmini,5,2026-04-30 10:36:51,mudah dan akurat untuk digunakan
Agustian Guyeza,5,2026-04-30 10:34:43,aplikasi mobile JKN sangat membantu
Yogi Girda Dwiyanto,1,2026-04-30 10:20:21,"tolong integrasi sistem otp ke wa saja, sms udah ga relevan. lama ga masuk masuk"
Le o,1,2026-04-30 10:10:38,"apapun aplikasi dari pemerintah pasti banyak kekuranganya, ampas. mau daftar ambil antrean fakses 1 lemot trs ada Tulisan maaf permintaan anda tidak dapt di proses. aplikasi buatan pemerintah emang agak lain"
ryan afriyanto,2,2026-04-30 10:08:35,tolong perbaiki lagi aplikasi nya. ambil nomer antrian aja harus nunggu lama. sampai mau habis surat rujukan dari RS! dan sering eror eror ketika dibuka!
sauli lu,4,2026-04-30 10:03:01,skrg lg bermasalah
Rahma Irwan Saputro,1,2026-04-30 10:00:10,"Aplikasi tambah mempersulit, banyak errornya"
Muhammad Muslih,5,2026-04-30 10:00:05,sangat simpel n tidak ribet
Bambang Supeno,2,2026-04-30 09:53:16,tak turunin bintangnya.gak bisa real time.halaman muka status non aktif.di ketuk ikon ada rincian peserta aktif.ini gimana
Tijani Wisattsani,5,2026-04-30 09:52:18,josjis
Aril Febrian,1,2026-04-30 09:49:42,apk eror minta otp ga masuk²
Ahmad Rais Zakky,1,2026-04-30 09:46:07,Benerin
Allen Pratama,5,2026-04-30 09:45:30,Bagus
Adi Mubin,1,2026-04-30 09:41:31,"mau log in aja susahnya kebangetan, nunggu capcah sampe 1 jam ga muncul muncul, padahal lagi dibutuhkan untuk berobat"
SRI WAHYUNI,3,2026-04-30 09:40:52,"TOLONG PETUNJUK! Kenapa akun ku selalu keluar, tiap mau digunakan pasti sudah log out lalu login lalu log out lagiii, capee tau log in mulu!!"
nugroho yulian,1,2026-04-30 09:40:04,"nggak bisa masuk, tiba tiba akun keluar sendiri"
opapoy,1,2026-04-30 09:39:52,"sampahhhhhhhh sesampah sampahnyaaa. mau login aja harus capca capca gajelasss, kediteksi capca salah mulu lagi. ditambah mau daftar antrian tingkat satu tapi gada jadwal dokternya. dikit dikit eror lagi anehh."
Nitsuga,1,2026-04-30 09:38:06,nih server apa gk di perbaiki susah bner masuknya loadingnya lama pula pdahal internet udha ngebut buat streming
Yasak irawan,1,2026-04-30 09:35:59,aplikasi GK jelas Uda data Uda bener malah gagal trus
Aiiu Alwasi,1,2026-04-30 09:35:24,mau chekin kontrol malah aplikasinya logout sendiri dan susah di akses. aneh
Amenk CINTA NKRI,1,2026-04-30 09:33:35,aplikasi nya lemot gajelas
Muhamad Rizal,1,2026-04-30 09:33:16,"Aplikasi nya payah sekali, masa klo mau masuk selalu keluar akun sendiri dan harus masuk lagi sangat mengganggu banget sangat sangat mengganggu payah"
Yuni Wahyuni,1,2026-04-30 09:32:32,"𝗴𝗶𝗺𝗻𝗮 𝘁𝗼 𝗶𝗻𝗶,𝘀𝘂𝗱𝗮𝗵 𝗴𝗮𝗻𝘁𝗶 𝗽𝗮𝘀𝘄𝗼𝗿𝗱 𝗺𝗮𝗹𝗮𝗵 𝗴𝗸 𝗯𝗶𝘀𝗮 𝗺𝗮𝘀𝘂𝗸,𝗲𝗺𝗮𝗶𝗹 𝘀𝘂𝗱𝗮𝗵 𝗯𝗶𝘀𝗮 𝗺𝗮𝗹𝗮𝗵 𝗴𝗸 𝘀𝗲𝘀𝘂𝗮𝗶 𝗳𝗼𝗿𝗺𝗮𝘁 𝗮𝗸𝘂 𝗷𝗮𝗱𝗶 𝗽𝘂𝘀𝗶𝗻𝗴 𝘀𝗲𝗻𝗱𝗶𝗿𝗶....𝗽𝗮𝗱𝗮𝗵𝗮𝗹 𝗱𝗮𝗿𝗶 𝗸𝗮𝗻𝘁𝗼𝗿 𝗯𝗽𝗷𝘀 𝘀𝘂𝗱𝗮𝗵 𝗱𝗶𝗮𝗸𝘁𝗶𝗳𝗸𝗮𝗻 𝘀𝗲𝗺𝘂𝗮 𝗹𝗼𝗵...𝗺𝗮𝗹𝗮𝗵 𝗱𝗿𝗶 𝗷𝗸𝗻 𝗺𝗼𝗯𝗶𝗹𝗲 𝘀𝘂𝘀𝗮𝗵 𝗺𝗮𝘀𝘂𝗸𝗻𝘆𝗮....."
Muhammad Yusuf,5,2026-04-30 09:31:19,tolong ini jaringan gua bagus tapi im say sorry kalau ruangan server kalian jelek minta tolong di upgrade lah ruangan data kalian server kalian jaringan gue bagusloh knp mau login mau daftar susah teknologi dh canggih di jaman skrg knp hal seperti ini spele bgt di lakuin
اليف شرفوالدين,2,2026-04-30 09:30:52,"aplikasi sering ngelegg saat daftar ataupun masuk,tolong di perbaiki,masa orang membutuhkan harus terhambat sama maslah aplikasi,di perbaiki dong,jangsn dana nya aja di korupsi"
Rizky Juniawan,1,2026-04-30 09:29:48,sudah masukan kode gatcha bener malah di blg salah sistem mempersulitttttt!!!!
Andri S,1,2026-04-30 09:29:48,tolong ya di perbaiki kode captcha angkanya yang jelas jangan bertumpuk2 kalau yang ngecek orang yg udah tua tidak kelihatan
Imanuel Patandean,1,2026-04-30 09:28:31,apk mempersulit pasienn
ALFAREZA NURFAUZI,3,2026-04-30 09:27:39,wey benerin lah gw lupa password..udh kasih No HP nunggu kode OTP masa GK dikirim kirim kek mana lah kalian kerja ny
Hadi Prayitno,2,2026-04-30 09:26:48,bagus tapi disayangkan sisa antrian tidak update dan tambah kesini tambah lemot
MINI ONE,1,2026-04-30 09:26:07,"aplikasi gak jelas sering nongol kata""PERMINTAAN ANDA BELUM DAPAT DI PROSES,SILAHKAN MEMCOBA BEBERAPA SAAT LAGI.MOHON MAAF ATAS KETIDAK NYAMANAN ANDA"". dasar aplikasi bosok....bukanya mempermudah malah nyusahin...gwe BPJS bayar bukan pemerintah yang nanggung😡😡😡"
doni efendi,1,2026-04-30 09:23:52,aplikasi apaan ini daftar aja susah Gini... salah terus captcha nya .. kalau ngak salah captcha nya ngak keluar
Adi Wibawa,5,2026-04-30 09:23:39,"sudah terdaftar kemudian tiba tiba ada notifikasi untuk upgrade,beberapa kali masukin captha gagal terus!!!! mohon diperbaiki!!!!!!"
rachmayatma adit,1,2026-04-30 09:23:34,aplikasi beta
Nanda Ramadani,1,2026-04-30 09:20:41,"aplikasi aneh, uda betul katanya salah"
Tusi Aprianti,1,2026-04-30 09:19:53,"aplikasi lemot,payah,sering error👎👎"
Thomas Tulus,5,2026-04-30 09:18:56,sangat membantu utk keluarga saya yg sering keluar kota dalam waktu 3bln lebih
vimeyy chan,1,2026-04-30 09:17:56,"aplikasi sering eror, ngga bisa login, kadang log out sendiri, bikin kesel deh, saran coba diperbaiki apk nya"
Aris Adit,5,2026-04-30 09:17:26,sangat membantu
Marwan Mawardi,5,2026-04-30 09:15:58,sukses selalu berikan yang terbaik untuk kita
hidayati ali,5,2026-04-30 09:14:56,bagus sangat membantu
iwan riswana,1,2026-04-30 09:13:50,"susah login mau brrobat juga jadi susah, sapii"
Ay Swastika,1,2026-04-30 09:12:42,kenapa log out sendiri giliran masuk lagi masa password salah...ngerepotin orang sakit aja
ANGGI PS,1,2026-04-30 09:12:23,sampah
Syahrul Ramadhan,1,2026-04-30 09:11:53,"tolong lah ya kalo udh login bisa gak gak ush reset lagi disuruh login, jujur aja ribet. sama satu lagi buat apa di pasaang fingerprint? terus sama aja gak bisa masuk, tolong otak nya dipake ya, bikin ribet aja, tiap mau cek malah disuruh login lagi isi data lagi terus ada fingerprint nya tapi gak bisa buat login masuk(bagi yg terkena reset)."
Syafiq Craft,1,2026-04-30 09:10:58,"baru mau daftar tiba² log-out/login ulang,mohon diperbaiki bugnya terima kasih"
Aat Gaming,1,2026-04-30 09:05:49,min ini aplikasi banyak banget bug nya suka kekuar akun sendiri lemot gak efisien banget padahal daftar rs lewat sini
Putra Bungsu,1,2026-04-30 09:05:44,BEDUL BIKIN CEPTAH NYA YG BENER
Abdil Band,1,2026-04-30 09:02:44,sekrining ribet bikin layanan lambat membuat yang pasien nunggu lama bikin yang sakit makin parah.apa gk bisa bikin apk yang simpel dan cepat. ini berkaitan dengan nyawa banyak orang .malah bahaya pakek APK ini kalau gak prosesnya cepat dan tepat
dwi sucahyo,1,2026-04-30 08:59:18,aplikasi apa ini menyusahkan masarakat saja tidak bisa login nungu otp ngak masuk masuk aplikasi macam apa ini
Annisa Shafira,2,2026-04-30 08:59:09,Aplikasi sering EROR ketika Akhir bulan dan Awal Bulan
edi asspwkerto,5,2026-04-30 08:58:38,koneksi bagus
Antoni Toni,5,2026-04-30 08:58:36,terimakasih
Badut Noob,1,2026-04-30 08:58:19,ga jelas banget ni aplikasi berkali kali dibilang salah captcha padahal udah jelas2 bener. tolong diperbaiki bugfix nya!
Zahrotul Fitri,5,2026-04-30 08:56:39,ok
Nanang prasetyo,1,2026-04-30 08:54:21,tidak ada tanggapan apapun
ozan kasep,1,2026-04-30 08:54:10,gk perlu binTang lima...mau daftar ajah susah..udah masukin No hp baru...gk bisa.. opline trus..masa tiaphari opline...gk jelas...knpa masyarakat sllu dipersulit..heran gw
Iis Kartika,3,2026-04-30 08:51:14,"login sendiri mulu, keseringan jd nya bosen masukin akun terus.. tolong lah jangan keseringan login, ribet jadinya.. maaf aku kasih bintang 3 karna kurang puas 🙏"
Brian Reppi,5,2026-04-30 08:49:28,baik
Maryati Hermawan,5,2026-04-30 08:48:31,good
Muhammad Sahiri,5,2026-04-30 08:46:58,maksimal untuk tetap menjaga kesehatan rakyat Indonesia
Sriwidiyati Driver,5,2026-04-30 08:39:01,suka sekali dan sangat membantu
Wisnu Benny,4,2026-04-30 08:32:05,lumayan daripada lumanyun
Putu A S,5,2026-04-30 08:30:26,"keren, praktis, membantu sekali"
Tari Ayu,5,2026-04-30 08:03:55,"cepat,tepat,mudah"
abu uwais,5,2026-04-30 08:02:38,sangat bermanfaat
Heru Biyanto,5,2026-04-30 07:50:29,Bismillah. sama dg yg lainnya.
Alinka Lawrence,5,2026-04-30 07:42:21,"bagus, cuma kadang agak lemot"
Faishal Abdulhadi,5,2026-04-30 07:38:23,SMS OTP GA MASUK!
M. IBNU RAMADHAN FIRMAN,5,2026-04-30 07:35:08,Baik dan cepat
Indi Lestari,1,2026-04-30 07:31:36,"ini kalo yang berobat orang tua yg gak melek teknologi, dan dgn kondisi gak ada keluarga yg bisa tolong atau lagi jauh untuk daftar JKN mobile ini,, bisa bisa gak ketolong.. perbaikilah kalo gak mau menyusahkan banyak orang"
Zaky_kmdn,5,2026-04-30 07:27:28,Sipp👍
cok oka winaya,5,2026-04-30 07:25:51,Flexible
Katharina Kamina,5,2026-04-30 07:24:44,okkk
077_Rahman Hamsurya,1,2026-04-30 07:24:30,tidak tepat memberikan sisa nomor antrean
HAWATI,5,2026-04-30 07:23:19,baik
rezki yadi,5,2026-04-30 07:12:22,aplikasinya bagus
FANS VR#46,5,2026-04-30 07:09:26,baik
Nasi Uduk,1,2026-04-30 07:05:34,"lebih di perhatikan dong, masa bisa tiba tiba log out, ribet ngurus daftar nya lagi"
Suho Prometheus,1,2026-04-30 07:01:35,OTP nya lama banget keluar.
Suryani Herfitarr,4,2026-04-30 06:51:13,sangat baik
Siti Nurul Hikmah,3,2026-04-30 06:47:49,sangatbaik
Rara Griting,5,2026-04-30 06:45:50,good
Gabriel Iwan Wardhana,5,2026-04-30 06:43:45,memudahkan rakyat ...terimakasih jkn terimakasih pemerintah ....🙏🙏🙏
Nour Hajrieaah15,5,2026-04-30 06:35:11,Kebantu banget dgn adanya aplikasi JKN
M. Rhn,5,2026-04-30 06:33:34,Bagus dan informatif
Famfam Fumfum,5,2026-04-30 06:13:02,best
Indra Wahyudi,1,2026-04-30 06:09:46,"susah buat daftar ,dr verifikasi wajah ,yg lebih parah verifikasi nomer telpon ,udah kirim ulang no otp nya sampe 200 detik lama banget"
Jamilah Iskandar,5,2026-04-30 05:55:41,cukup membantu buat keluarga saya dan gampang di gunakan
kusman Hariyanto,5,2026-04-30 05:55:10,aplikasi engga jelas udah masukin masih salah terus tolong di perbaiki jadi nyusahin
Amel Liyah,5,2026-04-30 05:50:56,sangat puas
Maftuh Alnur,5,2026-04-30 05:38:01,sangat membantu..aplikasi juga lancar jaya tanpa lemot..mantapppp
Umy Fadilah,1,2026-04-30 05:30:39,"kok ga bisa dibuka yh apk'y, pdhal mau buat dftr kontrol ke rs"
aab uzwah,5,2026-04-30 05:28:31,baik
Dadi Rosadi,5,2026-04-30 05:22:43,"tolong untuk masalah log ini nya di perbaiki lagi, saya sudah masukan nik dan pasword benar.. TPI keterangannya nik salah"
ILMAM SYIHABUDIN,1,2026-04-30 05:14:57,"mempersulit banget, udah nurut make ni app buat check up malah errornya keterusan. it nya kemanasih apa gadigaji pemerintah"
yusan sains,1,2026-04-30 05:05:45,"hai tim BPJS.. kalian jgn menikmati gaji aja, hal seperti ini harusnya ditanggapi dan diperbaiki.. masak udah banyak komen jelek dibiarkan sampai berlarut, meluncurkan apk yg sangat amat gak berguna, katanya mempermudah tapi hasilnya riview komen jelek sekali apk ini sampah dan gak berguna, dan dibandingkan apk lain lebih mudah untuk daftar/login.."
E-book Terkini,5,2026-04-30 04:59:21,aplikasi pelayanan kesehatan terbaik
Arman Da,5,2026-04-30 04:49:52,good aplikasi
aip 2806,5,2026-04-30 04:39:03,sangat membantu
wagi yanti,4,2026-04-30 04:29:48,mudah di gunakan dan bagua
Mokhammad Yasin (Yassinero),5,2026-04-30 04:18:42,mudah digunakan
jaka kusuma,5,2026-04-30 04:15:22,ok
Adinda Cahya,5,2026-04-30 04:12:05,terima kasih
Herry Achmad,4,2026-04-30 04:00:13,"sistem perekaman wajah masih belum optimal, karena harus menunggu beberapa saat untuk foto 😅."
Lia Michael,5,2026-04-30 03:58:28,"untuk pelayanan di mobile JKN ini sangt cepat, dn sangat membantu skli, smga kdpnny akn trs mempermudah"
Ariffudin,5,2026-04-30 03:54:32,sangat bermanfaat bagi kesehatan tubuh
Sri Haryati,1,2026-04-30 03:51:52,"verifikasi OTP tidak terkirim tolong dong bpjs di perbaiki udah3 hari du ulang""tetep nga di kirim percuma gaji banyak nga becus buat aplikasi"
Amir Daeng,5,2026-04-30 03:38:59,aplikasinya bagus
Rokok Era,1,2026-04-30 03:38:54,"pengiriman kode otp lemot, mau urus online aja susah"
Kemon Candra,5,2026-04-30 03:30:41,oke
Rika Hasjayanti,5,2026-04-30 03:29:31,lebih tepat dan akurat dalam melayani masyarakat setulus hati
Bewok Poncoy,2,2026-04-30 03:28:01,"kode otp via SMS kaga masuk masuk gimana ini udah dari lama kaga ada perkembangan, tolong lah di perbaiki"
ALFAREL SAFRIL,5,2026-04-30 03:21:36,sangat baik
M,5,2026-04-30 03:13:30,sangat membantu
Fadil Abiyan,5,2026-04-30 03:03:22,aplikasinya mudah digunakan
Hayati,5,2026-04-30 02:50:13,sangat membantu
Didi Karnadi,5,2026-04-30 02:50:06,ok
Nurasma Rasyid lelahi,5,2026-04-30 02:46:09,cepat
Tini_ channel,4,2026-04-30 02:44:02,gak bisa masuk
Martina Sulastri,5,2026-04-30 02:42:08,sangat membantu sekali dengan menggunakan mobile JKN ini semoga semakin ditingkatkan kwalitasx
Albi Iis,1,2026-04-30 02:40:33,"aplikasi sampah, kode otw ngga pernah masuk"
Elhan Zakaria Official,5,2026-04-30 02:33:57,sangat membantu kami masyarakat Jakarta
Abdullah Bedull,5,2026-04-30 02:31:36,sangat cepat
She Cho,5,2026-04-30 02:30:02,"kadang bagus ,kadang bingungke 🙏"
Selamet,5,2026-04-30 02:17:04,sangat terbantu dan terselamatkan dengan adanya kemudahan ini
Lisa Putong,5,2026-04-30 02:16:31,mantap
DM Squad,1,2026-04-30 02:02:54,kode OTP ga masuk masuk...lewat WA tidak dapat di proses.. payahh!!!!!!! pelayanan rusak
Nining Zada,5,2026-04-30 01:59:32,top👍
fajar ari,5,2026-04-30 01:56:17,Ini kenapa otp nomer telpon nya dipersulit gini sih.. Aneh banget ini aplikasi
Sigit Suratno,5,2026-04-30 01:55:13,"mudah di akses ,"
Wawan Setiawan,5,2026-04-30 01:47:33,sangat membantu terima kasih
Her vina,5,2026-04-30 01:47:16,semoga pelayanan JKN bisa lebih baik lagi untuk masyarakat seperti kami
Gunawan Defianto,1,2026-04-30 01:46:00,ribet
Andi Andi,1,2026-04-30 01:45:02,APK SAMPAH ORNG PGN BERBOBAT AJA DI PERSULIT LO . BANGKE
Weni Rohmiati,5,2026-04-30 01:39:10,"mudah, praktis, dan cepat"
Radiel Ilham,1,2026-04-30 01:35:23,aplikasi cacaaatttt. mau daftar aja di persulit. minta OTP kga di kirim2. ga niat lo bikin apk. nyusain orang aja . bangke kesel gw
Moch Farreldio Arridlo,1,2026-04-30 01:33:31,aplikasi pemerintah selalu sampah lol
samsul Aja,5,2026-04-30 01:30:37,semoga membantu
Fauzi Hafiizh,5,2026-04-30 01:30:16,Bagus.
ANDREW ZULINOVIANSYAH,5,2026-04-30 01:22:31,Masih mantap
Gatot Titin,4,2026-04-30 01:16:12,sudah mendaftar untuk verifikasi wajahnya sll ga bisa Sampek capek
Ansar Bediskara,5,2026-04-30 01:05:13,aplikasi terbaik
Kang Andika,5,2026-04-30 01:02:07,kebanyakan pertanyaan ini yang banyak..kenapa kode nya lama banget?jawaban nya adalah kamu nggak punya pulsa mangkanya nggak bisa muncul kode nya....harus ada pulsa baru bisa muncul kode nyaa...
roi logen,5,2026-04-30 00:57:22,pelayanan baik
Rifka Putri,5,2026-04-30 00:47:22,sangat membantu
Alya Nurfaridah,4,2026-04-30 00:43:23,"terkadang tiba"" log out padahal sering diakses"
Nana Engkhos,1,2026-04-30 00:35:17,bagus
Radika Buma,5,2026-04-30 00:34:47,good
Takehiko Ipunk,5,2026-04-30 00:34:16,RUWET COK
Irhandy Santoso,1,2026-04-30 00:31:59,APLIKASI CACING KERMIH.... KALAU TAK SANGGUP BIKIN APLIKASI LEBIH TIDAK USAH.... NEGERI KORUP
Selvi Adinda grg vr 5rjeygrf cf4u4,5,2026-04-30 00:27:13,sangat membantu dan praktis
Kopi Sultan,5,2026-04-30 00:21:36,"aplikasi bagus tanpa gangguan, tanpa ribet, dan mudah di pahami"
Indrawan Sakti,5,2026-04-30 00:11:58,good
Ning Lestari,5,2026-04-30 00:09:23,"daftar sdh lancar sekarang, tidak ada kendala.. bagus, tingkatkan terus.."
Yossie Urdayana,5,2026-04-30 00:07:29,sangat membantu
rizky ramadan,5,2026-04-29 23:53:12,"suruh daftar online kalau sakit udah daftar boro boro bisa daftar verifikasi nomor hpnya ga masuk masuk, susah ya kalau jadi orang ngarepin puskesmas"
Danashter 22,5,2026-04-29 23:52:02,"aplikasi paling kntl ya ini, mau masuk susah nya minta ampun udh bener nik dan pasword masih aja di buat salahh, klo kagak bisa mempermudah jgn aneh"", ini mlah bikin sulit tongggg sampah emngg"
zahra ainy,5,2026-04-29 23:46:58,mudah digunakan untuk mengubah tempat faaskes dan lainya
Irfan Christianto,1,2026-04-29 23:39:17,Sudah melakukan pelunasan tunggakan tetapi status masih penangguhan.
Wildan Gifari,1,2026-04-29 23:38:42,lama gak dapat nomer verifikasinya yah tau kami rakyat miskin jadinya di tunda-tunda
supri yanto,5,2026-04-29 23:32:39,"cepat mudah,terimakasih atas kemudahan layanannya"
دفري أبو إحسان المطافيء,5,2026-04-29 23:08:34,Aplikasinya digunakan dengan akun pribadi kok malah terkunci. Klo bisa saya beri stengah bintang atau bisa komentar tanpa bintang maka saya komentar tanpa memberikan bintang.
Ifah Syamsiah,1,2026-04-29 22:48:42,"dari kemarin tidak bisa menerima kode OTP padahal jelas bahwa internet nya nyambung dan bisa digunakan dengan lancar,, giliran digunakan untuk mendapatkan kode OTP susah poolll mohon bantuannya untuk diperbaiki karena sangat penting 🙏🙏"
smosh channel,5,2026-04-29 22:45:34,siip
Noval Junaedi,5,2026-04-29 22:40:15,mempermudah proses
Ahm Rif,5,2026-04-29 22:22:15,mudah digunakan
Akun Youtup,5,2026-04-29 21:45:00,"semoga bermanfaat ,dan pelayanan lebih baik lagi"
Hironimus Ohoitimur,1,2026-04-29 21:33:15,"aplikasi abal-abal, mau masuk salah ini, itu, sana, sini...."
Dedik Wahyu Kurnia,5,2026-04-29 21:24:11,"aplikasinya eror aja, g bisa d istall, mengapa setiap bulan harus cek in terus"
Zoelf4r,5,2026-04-29 20:44:11,the best ⭐⭐⭐⭐⭐👍👍
Siswanto Coki,5,2026-04-29 20:40:47,terimakasih sudah membantu
Deddy Adventure N Touring,4,2026-04-29 19:34:49,ok
Lina 19,1,2026-04-29 19:20:58,udah 10x masukin no hp buat registrasi gagal Terus!!!! kalah sama situs SLOT
Adi Eni,1,2026-04-29 18:59:51,kacau ngak bisa log in karna otp lewat imail ngak masuk lewat sms apa lagi .
Hendrik Susanoo,5,2026-04-29 18:58:15,good
Arsyila Yuan,5,2026-04-29 18:34:02,sangat membantu
Marsan Abet,5,2026-04-29 17:50:30,sangat membantu pelayanan terbaik
dobleh citi,5,2026-04-29 17:22:18,bismilah semoga bisa bikin BPJS karna sakit path tulang paha kaki
Siti Syadiyah,2,2026-04-29 17:04:01,susah kirim otp nya ke nomor nyaa gmna sihh
Sutin Firmanto,5,2026-04-29 16:30:35,good job
San Lingsi,1,2026-04-29 15:55:02,aplikasi apa si ini udh daftr lewat no.hp kata y no sudah perna di gunakan.TRUS pakai no baru malah gk di kirim2 kode yh buang2 waktu buat daftar doang bukannya di permudah malah di persulit GAK JELAS.
Daniel Malawat,5,2026-04-29 15:49:39,manis
Ola Pelle,1,2026-04-29 15:21:27,"APK GAJELAS,PAS MAU VERIFIKASI DIBAGIAN NOMOR HP LAMA BANGET NUNGGUIN KODENYA. PADAHAL UDAH MASUKIN NOMOR HP YG SESUAI TAPI GAK MUNCUL KODE NYA!!! TOLONG DIPERBAIKI"
Nanang Setiana,5,2026-04-29 14:53:16,ok deh
Mentari Noviana,1,2026-04-29 14:43:08,"aplikasi dibatasi cuma buat 3 akun , belum tentu yg namanya orangtua bisa pakai aplikasi ini . jadi sy sbg anak perlu mendaftarkan ortu kalau LG kontrol tp aplikasi gak bisa masuk krna tololnya sistem dibatasi 3 akun. tolong di permudah."
Titik Karlina,1,2026-04-29 14:36:32,"berulang kali minta di krim kode otp ke sms tidak pernah masuk, email juga tetap tidak bisa. TOLONG DI PERBAIKI."
Teuku Muhammad Reza,5,2026-04-29 14:28:56,memuaskan
Apoy Corner,5,2026-04-29 14:27:50,simple
Rizal Tri Mulya Arasyd,1,2026-04-29 14:25:12,otp sms nyaa mana anjeng
Bima Sena,1,2026-04-29 14:04:11,"aplikasi jelek, harus verifikasi nomer telp trus, berkali kali verifikasi gabisa ambil antrean"
Iyon Saryono,5,2026-04-29 14:03:10,OK
Dede Sanjaya,5,2026-04-29 13:59:03,jos gandos
Andika Akmal,3,2026-04-29 13:56:32,"mau ubah segmen kenapa harus autodebet dulu sih? bisa gak sih buat ada pilihannya? pilihan banknya juga cuma empat, lah kan jadi kesulitan buat yang harus ngubah segmen"
Cuanky,5,2026-04-29 13:42:24,Mantap 👍
Maryam,1,2026-04-29 13:40:18,aplikasi jelek dan gak guna
Dede Fahrisa,5,2026-04-29 13:37:50,"aplikasi yg sangat membantu masyarakat,,good jobs👍"
siti Akhianuaini,5,2026-04-29 13:32:30,Dengan adanya BPJS sangat membantu saya pada saat proses persalinan sc
Indra Saputra,4,2026-04-29 13:30:23,pelayanan cepat
Decky Kurniawan,5,2026-04-29 13:27:20,Siip
Nova Iskandar,5,2026-04-29 13:26:33,mantaf komplit...
Yusuf Ibrahim,1,2026-04-29 13:26:02,aplikasi gak jelas.buang buang kuota aja.. dasaar gak jelaad ngapaain di kasiih bintang. gak sudi langsung saya apuus.
Nana Ananto,5,2026-04-29 13:24:33,pelayanan oke
Ahmad Pulungan69,5,2026-04-29 13:23:19,lancar
FARDIANSYAH AMIN,1,2026-04-29 13:15:54,"Mohon maaf, aku harus jujur untuk memberikan Rating terburuk untuk JKN Mobile. Dikarenakan untuk dapatkan download kartu bpjs sangat berbelit-belit. Harus hafal password aplikasi ditambah harus hafal pin, ditambah pengurusan verifikasi dan otp yang berulang-ulang"
herman saputra,5,2026-04-29 13:06:09,isthebest
Ainul Yakin,5,2026-04-29 13:02:15,siip
Citra Wardhani,5,2026-04-29 12:50:43,"sangat memudahkan disaat pendaftaran ke faskes lanjutan, semoga kedepannya lebih baik lagi"
Nur Hidayatul,5,2026-04-29 12:39:08,trbantu sekali dengan fasilitas kesehatan dan pengobatan yang baik
Ieza Hadi,5,2026-04-29 12:36:41,aplikasi yg mudah dan berkualitas untuk memulai pengobatan
Ninok Suci,5,2026-04-29 12:28:34,Pelayanan Terbaik Dari Mobile JKN. Terima Kasih.
Dargas arva,2,2026-04-29 12:19:50,"Gabisa bisa verifikasi otp , cek dong aplikasi nya berjalan lancar atau engga. padahal dibaca baca banyak yg kasih ulasan mengenai kode otp tapi gaada tindakan, ini niatnya mempermudah atau mempersulit? aplikasi nya diadakan tujuan nya buat apa? tolong dong ditinjau lagi"
Wahyu Hidayat,5,2026-04-29 12:17:48,ok
Kartika Hasanah,1,2026-04-29 12:17:27,"malu malu in ,aplikasi Ini hampir dimiliki seluruh warga indonesia tapi performa nya jelek banget,kaya kurang niat bikin nya,banyak bug,HARUS LOG IN BERKALI KALI harus masukin captcha berkali kali,ngerepotin banget,Sidik jari juga yang tujuannya untuk memudahkan login susah banget tersimpannya,Ini gimana kerja developernya?kita disini costumer ngga gratis pake aplikasinya,Tolong ya point point diatas diperhatikan lagi,Ngerepotin,lama,waste my time."
feelgood 98,1,2026-04-29 12:13:21,"aplikasi jelek ,ladang korup gausah pake aplikasi segala"
MEMED TARMEDI,1,2026-04-29 11:57:33,ribet banget mau login nya
Edy Susilo (Edy brewok),5,2026-04-29 11:57:09,"sangat membantu untuk informasi kesehatan mulai dari fasilitas,pelayanan, dan pengaduan"
Nina Inayah,5,2026-04-29 11:56:33,good
Yaw,5,2026-04-29 11:53:11,"Bagus, dan pertahankan ya"
Vulon,1,2026-04-29 11:51:58,"kalo bisa kode otp nya jangan lewat sms soalnya susah masuk mending lewat wa biasanya langsung bisa, ini aku masih belum bisa daftar karena otp nya ngga masuk sama sekali udah nunggu bejam jam tetep ga muncul , kalo memang pengen buat aplikasi yang membantu orang jangan sampe nyusahin kek gini"
Bala Sumberan,1,2026-04-29 11:48:42,"Aplikasi sangat menyulitkan rakyat, Pemerintah atau siapapun yang berwenang tolong dipermudah terutama verifikasi nya"
Risma Dewi Mujianti,5,2026-04-29 11:39:48,mudah untuk berobat sekeluarga
Eko Mardianto,5,2026-04-29 11:37:29,ok
Hakuto San,1,2026-04-29 11:36:11,mau daftar aja susah kali otp aja ngk pernah masuk
Philips Sinaga,1,2026-04-29 11:34:42,"aplikasi ampas, Kode OTP ga masuk masuk, lewat gmail juga gabisaa"
Ariel Nanda,4,2026-04-29 11:27:27,Bagus
Mei fang Xu,5,2026-04-29 11:25:01,ok
traju tizz,1,2026-04-29 11:19:31,hp tanp root kok mala ada notif hp d root. tolong di perbaiki lagi. padahal hp saya tanpa root. niat banget nyusahin orang lagi sakit
Awe Jaya,5,2026-04-29 11:14:28,sangat bagus
Azhu Azha,1,2026-04-29 11:06:50,"verifikasi wajah sulit, via SMS gak bisa via email gak bisa. ribett, bukan nya makin mudah malah jadi susah buat berobat ke RS rujukan"
Magrit Valenti,1,2026-04-29 10:58:50,"pelayanan buruk masa kode otp buat registrasi gak masuk2, kalo kya gini mah balik aja ke sistem jadul"
Intan Putri,5,2026-04-29 10:55:12,baik
syarifah syarifah,4,2026-04-29 10:51:18,bagus
Gustino Athallah,1,2026-04-29 10:48:57,"jelek banget sistem deteksi wajah nya, semoga yang bikin di persulit hidupnya"
Juandi Lubis Official,5,2026-04-29 10:43:26,Berguna. Semoga semakin berkembang
AKHTAR GANTENG,1,2026-04-29 10:42:59,"aplikasi gajelassss, mau daftar akun aja ga bisa"" !!!"
fadli eka yandra,5,2026-04-29 10:39:26,"sangat membantu, aplikasinya mudah digunakan."
Ammed Wawai,5,2026-04-29 10:35:25,semakin keren dan mantab
Asmiati Asmiati,5,2026-04-29 10:24:27,mantap
Ramadon,4,2026-04-29 10:18:41,mntap
Septyana Sylvie,5,2026-04-29 10:17:08,gud
rafli zaky,1,2026-04-29 10:12:12,jadi ribed kebanyakan foto
Ega wulandari,1,2026-04-29 10:09:28,"apaan ini aplikasi bikin kesal gakbtau orang butuh kah, kenapa begitu menyulitkan ? tolong lah aplikasi ini di perhatikan lagi sangat sulit menunggu notifikasi otp juga tetap gagal dan lain lain begitu banyak permasalahan nya susah juga di jelaskan secara tertulis begini, tolonglah aplikasi nya ?"
Rama Dana-_-,1,2026-04-29 10:08:48,apk ga jelas udh verifikasi wajah jelas bngt tpi ga bisa ke verifikasi
Resna Yeni,3,2026-04-29 10:08:37,"aplikasi sering brmasalah tidak terhubung k server padalah jaringan internet oke, jadwal dokter di rumah sakit tidak sinkron dengan mobile jkn"
Ziddane Dzafrand,5,2026-04-29 10:06:20,bagus
Raka athilla dhia izulhaq,1,2026-04-29 09:58:51,tidak bisa verifikasi no tlpn ribetnya minta ampun
Edya Rahman,5,2026-04-29 09:58:03,coba dulu
BANG OY,1,2026-04-29 09:57:13,"aplikasi rusak ini, minta kode otp SMS aja gk masuk masuk setiap daftar gk bisa"
Muhamad Dzuhri,5,2026-04-29 09:39:19,"sangat membantu, terimakasih"
Margonohtg Margono,5,2026-04-29 09:34:37,sangat memudahkan saat berobat
Ruswanto Archman,5,2026-04-29 09:30:05,sangat bagus dan lebih mudah untuk pendaftaran
Matahari Bulan,2,2026-04-29 09:15:09,pada saat ganti pin kenapa sering keluar sendiri ... mohon di perbaiki..
Kurnia Wardi,5,2026-04-29 09:07:35,mudah mengoperasikannya
Arfa Rizki,4,2026-04-29 09:07:14,ini kenapa 1 Minggu saya coba berulangkali buat verifikasi gagal Mulu. gimana mau daftar antrean? hadeh..
Abdul Gofur,1,2026-04-29 09:03:40,apk sampah babi
Sri Nurwanti,4,2026-04-29 09:01:57,"sudah downlot, setiap mau loging suruh daftar, no KTP sudah bener katanya salah ribet bener. beberapa minggu harus apdet. kalau lama gak dipakai berarti orangnya sehat. aplikasi pemerintah tp gak memudahkan rakyat pakai, apalagi yg pakai orang gua banyak yg gaptake. tolong minta diperbaiki gak usah kebanyakan apdet, kadang susah nyari anak2 muda lg pada sibuk."
Fadli Fadli,5,2026-04-29 09:01:49,baguss
Amanda Yuramadis,5,2026-04-29 09:01:14,sangat membantu
OPAJUNIOR SAVE,5,2026-04-29 08:55:41,"NIH BINTANG 5 BUAT APLIKASI UNTUK MEMPERSULIT DIRI, 1. SMS Otentivikasi Tidak bisa 2. Mau Ganti no HP tidak ada fiturnya 3. Aplikasi yang hanya bisa digunakan tuk satu orang, 4. Aplikasi hanya untuk orang berduit kasihan bagi orang yang tidak memiliki HP."
Agung Gumilar,5,2026-04-29 08:43:27,ok
Agustinus Minggu,5,2026-04-29 08:38:52,terbaik
Beni Sabrizal,5,2026-04-29 08:30:48,"sangat ramah petugas pelayanan keliling nya yg berlokasi di MTQ,pekanbaru ,Riau"
Rohadi Hadi,5,2026-04-29 08:24:23,mantap aplikasi
Has Mita,1,2026-04-29 08:24:19,"banyak kendala pada aplikasinya akun Jkn selalu log out sendiri, mencoba login kembali suda tdk bisa krna email dan nomor hp akun lama suda tidak dipakai. suda mencoba di pengaduan whatsapp tapi tidak ada solusi apa apa yang di kasih. sampai sekarang masi belum bisa login."
Rozi Muhammad,5,2026-04-29 08:18:27,good
Desi Rizki,5,2026-04-29 08:11:44,sangat membantu
Indah Sila,1,2026-04-29 08:03:48,"sulit sekali mau login . kode otp tidak masuk"". dikondisi terdesak log out sendiri . susah loginnya . mohon segera ditindak lanjuti aplikasinya ."
Novi Bahrotul,1,2026-04-29 08:03:19,"aku akan ganti rating kalau udah bisa otp pakai whatsapp. soalnya otp pake sms itu susah wooy, perlu pulsa. dan sekarang jarang yang pake pulsa harus beli dulu. kalau bisa kedepannya bikin opsi pakai sms atau bisa pakai whatsapp"
Agung Septyan,1,2026-04-29 08:02:15,"ngga guna, sudah dipercepat dan membayar bulan yang nonaktifnya untuk aktifkan karna butuh untuk secepatnya, malah gagal tunggu awal bukan, pemerintah makin tidak berguna"
Dimas wahyu,5,2026-04-29 08:01:28,nice mantep
Netizen Zavage,1,2026-04-29 07:54:18,"aplikasi tolol, daftar awal pakek no 1 gagal ngirim otp harus ada pulsa pakek no 2 yg ada pulsa masuk otp langung pendaftaran berhasil. sekarang mau rubah data malah yg terdaftar no hp yg 1 lagi."
Inoy,5,2026-04-29 07:53:35,bagus
Rustam Simon,5,2026-04-29 07:46:07,good
Said Kian,5,2026-04-29 07:42:11,"y, bgus"
CYBER NUSANTARA,5,2026-04-29 07:38:30,proses ny cepat
Ar Zenall,1,2026-04-29 07:28:56,"jelek,selalu out sendiri pdhal gk fi pake,udh log in pake pulsa kurang efktif"
Rodin Husen,2,2026-04-29 07:24:10,"aplikasi bobrok, udah isi pulsa buat kirim otp sms, tapi selalu gagal. udah coba 20 kali kirim otp sms tapi gagal tidak muncul otp. gini amat mau berobat di bikin ribet, anehhh"
Morieti 1914,1,2026-04-29 07:14:08,payah
Anjing Bagong,1,2026-04-29 07:08:25,verivikasi nya susah
Eko Yunianto,1,2026-04-29 07:00:20,aplikasi kerek
Alfi Safitri,1,2026-04-29 06:57:53,"aplikasi jelek, cuma nunggu verifikasi auto debit sampe berhari-hari ga ada sms ataupun WhatsApp"
Mas Tri,5,2026-04-29 06:56:59,mempermudah
Taufik Ngokhz,1,2026-04-29 06:48:29,"yang katanya aplikasi nya membantu dan lebih mudah. mudah apanya, aku udah pakai nomor malah ga ada kode verifikasi,sms ga masuk. pakai email sama juga...."
Donna Elika,1,2026-04-29 06:46:55,aplikasinya gimana ini tolong diperbaiki dong....nggak bisa login padahal NIK sudah benar..password sudah benar....tp selalu dibilang katanya keliru..gliran mau ganti password juga ga bisa karena kode OTP gk masuk lwt SMS ..pakai email juga tdk bisa...solusinya dong....aplikasi hrusnya mempermudah..ini malah bikin makin ribet sumpahh
Indra Jaya,5,2026-04-29 06:35:47,👍👍👍👍
Yuda Hysteria,1,2026-04-29 06:22:26,"Daftar, tapi Kode sms otp gaa di kirim""... udah coba ganti"" nomor yg lain...Padahal pulsa jg masih ada... Gaa sistem BPJS'nyaa gaa aplikasinya Parahhh nii,,,"
Roma Fifia Julianti Girsang,5,2026-04-29 06:20:54,good apps
Fadhli Zon,4,2026-04-29 06:10:34,Mantap
melyana ekawati,5,2026-04-29 06:05:12,terimakasih BPJS kesehatan
Aman Longok,5,2026-04-29 06:03:15,ok
Anggel Tumonglo,4,2026-04-29 05:54:01,"mau isi tanggal kunjungan yang muncul cuma sampai tanggal 6 saja , padahal tanggal kunjungan ke RS tgl 8 . kok bisa begitu"
Malik Alfauzan,5,2026-04-29 05:50:48,"APK MNYT, GUA SMUA DATA UDH BENER SUKA TBTB LOGOUT SNDIRI TERUS PAS MAU LOGIN LAGI TULISAN NYA AKUN ANDA BELUM TERDAFTAR TAPI PAS DAFTAR TULISAN NYA AKUN ANDA TELAH TERDAFTAR MAUNYA APASI MONYET DEVELOP NYA GABENER NI ANJWNG"
elky yulanda,5,2026-04-29 05:50:26,memudahkan
Epep Fire,2,2026-04-29 05:47:41,"bobrok, kode otp gapernah masuk"
Rizka Nudy,5,2026-04-29 05:46:42,Alhamdulillah.. mudah mengoperasikannya
Vicky Putra,5,2026-04-29 05:46:00,mantap
iyai qodir,5,2026-04-29 05:42:48,apk ny good
Aripin Aripin,5,2026-04-29 05:05:09,"apk jkn yg sangat sangat membatu, terbaik"
Wawan Garmawan,5,2026-04-29 04:59:09,saat ini apl sy sedang error
Dyen Syarifudin,5,2026-04-29 04:56:07,oke
Imam Hidayat,5,2026-04-29 04:53:47,bagus
Rangga Leonard,1,2026-04-29 04:53:23,"JKN Mobile saya mengalami root terus, sudah update dan dimatikan ulang HP-nya, tetap saja tidak bisa login"
Neneng Ida,5,2026-04-29 04:49:50,Terimakasih untuk semuanya ..layanan JKN memuaskan dan sangat membantu bagi kami
Alfin Ma'ruf Prasetyo,5,2026-04-29 04:47:50,kenapa ngga bisa kirim otp
Julianti Putri,5,2026-04-29 04:40:20,pelayanan bagus
Dhebora Duhita,5,2026-04-29 04:35:05,jadi lebih mudah pindah faskes
Alfajr Rizal,5,2026-04-29 04:34:48,sangat membantu
Abidu Cholis,1,2026-04-29 04:28:19,"aplikasi kocak, udah daftar udah sesuai semua, tinggal nunggu kode verifikasi lewat SMS aja ga dikirim2 ditungguin lama juga, sampe sehari nunggu tetep ga dapet2 SMS, kocakk bgt njrrr, blokir aja dah aplikasi ini, hpus dari play store, gaguna!!!"
Selvia barus,5,2026-04-29 04:24:57,terbaik pokoknya
Eko Sulistiono Sulistiono,5,2026-04-29 04:21:02,pelayanannya cepat.
siti sofianah,5,2026-04-29 04:17:14,jam pelayanan di aplikasi tidak sesuai di lapangan. wkwk
Johan Saputra,4,2026-04-29 04:12:37,udah baikudah2an lebih baik lagi
Mohammad Faathir,5,2026-04-29 04:07:49,"Terimakasih banyak BPJS, BPK ibu yg bertugas baik yg di belakang tak lihat, terimakasih untuk semua nya."
Peza Pebrianto,1,2026-04-29 04:06:19,"buat otp nya susah sekali. berapa kali coba tetap engga menerima SMS kode otp nya. Kouta lancar, wifi apalagi. pulsa cukup. tp tetep ga dapet kode otp nya buat daftar. cukup kecewa si. harusnya mempermudah, malah jadi susah."
Handi Sahril,5,2026-04-29 04:06:13,SMS-nya GK ada
Jaja Jiji,5,2026-04-29 03:58:21,sukses terus lancar
Christina melani Situmorang,5,2026-04-29 03:50:08,Bagus sekali dan sangat bermanfaat
Nekha,1,2026-04-29 03:38:22,"Minta kode otp lewat SMS gak masuk2 mana waktu tunggu nya 200dtk lama bnget gajelas, giliran email langsung masuk. ternyata memang banyak yg kaya gitu juga, sengaja apa gimana supaya gak bisa bikin bpjs???"
Sorjo Kai,5,2026-04-29 03:24:13,mantab sangat membantu
Ahmad Rusyaid Ahyar,5,2026-04-29 03:17:01,mantap
Tirta karya,1,2026-04-29 03:16:47,ya begitulah kalo aplikasi pemerintah pasti lelet lah sering gangguan lah
Aca. Irwansya,5,2026-04-29 03:13:25,sangat baik dan mempermudah saat mengadministrasikan saat berobat
Ahmad Rangkuti,5,2026-04-29 03:12:37,terus ditingkatkan dan diperbaiki layanan semua bidang...
Waggy,1,2026-04-29 03:06:50,sandi nggak pernah diubah kok bisa salah? SMS juga lelet banget
[RAKEL]. ID,5,2026-04-29 03:06:16,ok
Rizky Tamimi,1,2026-04-29 03:00:18,"sewaktu saya mau coba registrasi dan mengisi nomor telepon, kode verifikasi OTP nya ga muncul muncul"
Nur Lia,1,2026-04-29 02:58:45,gk sopan genit lagi
Antoni Efendi27,5,2026-04-29 02:46:16,ok
Kezia Azzura,1,2026-04-29 02:33:01,"Aplikasi gak jelas, aplikasi pemerintah tidak ada yang serius. orang tua ku butuh penanganan harus dari aplikasi dulu giliran daftar sudah penuh. apk anj****"
Moch. Jaenudin,5,2026-04-29 02:32:17,Sangat bermamfaat...
Khirana CahAyu,5,2026-04-29 02:31:58,kode refeal aplikasi apa
Nicolas,1,2026-04-29 02:25:49,OTP LU KAGAK MASUK MASUK EGEEE
Andelvi Arma,1,2026-04-29 02:17:43,RIBET BANGET ANJIR
Daris Aidanx,1,2026-04-29 02:14:29,nda bisa di buka
novianti99,1,2026-04-29 02:12:13,sering logout ga jelas.. udh dimasukin tiba2 keluar trus ga bisa login selama 10 menit.. padahal posisi lagi urgent
Siti Julaeha,5,2026-04-29 02:10:23,baguss bgt sangat membantu ..
herone 7600,5,2026-04-29 02:08:12,"bagus sekali pelayanannya, cuma sering suruh buat password yg sering lupa"
Sugiarno Nuno,5,2026-04-29 02:06:35,memudah kan dalam meng updet data. tanpa harus mengantri. mantap
Zhafira Saputra,1,2026-04-29 02:03:35,"fitur untuk rubah faskes, bagian kameranya ga berfungsi"
Dex L,1,2026-04-29 02:01:32,aplikasi sampah.....perbaiki lah aplikasinya min
Roewan Kujan,5,2026-04-29 01:59:58,bagus
Zul Dompu,5,2026-04-29 01:57:58,sangat baik
Jerry Purnomo,5,2026-04-29 01:41:02,Alhamdulillah mudah bgt
Jay blood,1,2026-04-29 01:35:33,TIDAK BISA LOGIN .
Endah Lestari,5,2026-04-29 01:21:19,ngoweeerrrr
Sahara Dika,1,2026-04-29 01:12:05,udah jengkel sama apk ini udah beberapa kali daftar selalu gagal ketika nungguin OTP lewat no hp. beberapa kali pake no hp lain juga gak bisa bisa
Andrian Nino Maulana,1,2026-04-29 01:09:51,"tolong lah... kode verifikasi tidak bisa dikirim karena, permintaan anda belum bisa di proses terus terus dan terus udh di coba di lain hari masih sama saja"
Fischer Waloni,5,2026-04-29 00:53:27,"Sangat berguna dan membantu, pelayanan kesehatan keluarga"
siti rohmah,5,2026-04-29 00:46:41,sangat puas
Inggit Firnanda,1,2026-04-29 00:44:43,Diperbaiki lagi ya untuk sistemnya. sudah login tapi keluar keluar terus ada masalah apaya. Tolong ditingkatkan lagi sistemnya yang sangat buruk dan tidak menguntungkan penggunanya ya
Eko Adi Nurcahyo,5,2026-04-29 00:39:14,semakin mudah
ansharsayuti 1979,3,2026-04-29 00:29:39,kenapa tidak muncul nomor antrian stlh didaftar ?
Jumaking,5,2026-04-29 00:29:12,gercep pelayanan
Barjono Gold,5,2026-04-29 00:28:30,"Aplikasi komplit,mudah di mengerti, sangat mudah dan praktis gampang di pahami"
Victoria Sanders,1,2026-04-29 00:26:42,"""NOMOR HANDPHONE TIDAK BOLEH KOSONG"" Tapi udah diketik malah nomor sudah pernah digunakan peserta lain, terus gimana nomernya cuma satu ini, masa harus beli nomer lagi cuma buat daftar doang"
Aki kenzo Kenzo,4,2026-04-29 00:22:55,"setelah di update masuk lagi susah, disuruh login dlu dah beberapa kali diisi data,data dah benar tapi dibilang salah terus ..harus gimana ini."
Afnan atma Pratama,5,2026-04-29 00:14:47,"aplikasi ini mempermudah kita untuk melakukan pendaftaran kesehatan di fakes manapun, sangat membantu untuk para peserta BPJS melakukan pendaftaran dan hal"" lainnya."
Abdi Madani,5,2026-04-29 00:14:05,mantap
Musfirotun Nadirah89,5,2026-04-29 00:13:50,sangat mudah dan sangat membantu
Tri Ariyanto,5,2026-04-28 23:59:33,ok
Zahro Laundry (Zahrolaundry),5,2026-04-28 23:55:21,Alhamdulillah sangat membantu
kemaki official,5,2026-04-28 23:32:13,aplikasi rusak kode otp nggk keluar padahal nomor benar dan masih aktif..... hapus aja aplikasinya
ETI PUJI LESTARI,1,2026-04-28 23:29:14,ini gimana siii? mau log in tapi ga bisa muluu herann
Ca Zaenudin (Zai),2,2026-04-28 23:23:58,dah masukan nomer ga di kirim kirim kodenya gimana sih
Putri Nuraini12,5,2026-04-28 23:08:32,ini knpa si aplikasi nya kalau mau ke pendaftaran ke RS selalu keluar Padahal udh login berkali kali tolong dong di perbaiki lagi
Ruddy Rudiger,5,2026-04-28 23:06:47,keren
seventin manggopa,5,2026-04-28 23:03:54,mantap
Dewa Wastu kencana,5,2026-04-28 22:56:44,memudahkan untuk berobt
Wawan Darmawan,5,2026-04-28 22:50:33,Aplikasi JKN lebih membantu dan mempermudah
Nas Ukha,4,2026-04-28 22:45:02,"Sudah Cukup bagus dalam pelayanannya,"
Alwi Hasan,1,2026-04-28 22:33:19,"aplikasi aneh, mau daftar ko ga bs. katanya ada otp via SMS ditunggu in ga dapet tuh"
Qori didiet,2,2026-04-28 22:32:02,"aplikasi suka keluar sendiri . Dari semalem login gabisa Bisa keterangan nik salah , padahal NIK-nya sudah BENAR .. Mau berobat daftar online jadi susah"
Imang Firmansyah,5,2026-04-28 22:30:53,Aplikasi sangat membantu
Agus Paryanto,1,2026-04-28 22:00:16,"perbaiki tuh aplikasi, tidak bisa ngirim otp"
Ahus Wiryanto,1,2026-04-28 21:58:44,masuk aja harus pakai no. ktp
Hosea Rudy,5,2026-04-28 21:23:34,semua jadi lebih gampang
yean pratama,1,2026-04-28 20:29:24,"kok gak bisa login2 susah banget mau login ke jkn . tulisan nya permintaan anda belum dapat diproses , silahkan mencoba beberapa saat lagi , pas udah masukin no kk , pasword and no captcha. sampe berkali2 tetep gak bisa."
Nena Herawati,5,2026-04-28 18:24:08,cepat dan praktis
Tulkenyuts,5,2026-04-28 17:16:59,mantap
Mujayun Muhammad,5,2026-04-28 17:10:43,trimakasih banyak atas pelayanannya yg sangat membantu kami
Syafaatun Mhmdh,5,2026-04-28 17:06:44,"mau daftar antrian buat peserta kedua gak bisa bisa , gk bisa d gsnti namanya ,malah repot"
Lucia Sihombing,5,2026-04-28 17:06:34,mantap
Retno Kusumastuti,5,2026-04-28 17:01:39,bagus mempermudah
Moch. Wahyudi,1,2026-04-28 17:00:29,GAK BISA LOGIN BOS..!!! GAK JELAS
Juniman,5,2026-04-28 16:31:03,sangat memuaskan
mang wii,5,2026-04-28 15:13:37,good
Sri Meliana Hinta,5,2026-04-28 14:29:05,oke
Winner Kuala lumpur,5,2026-04-28 14:25:32,mantap
ririn Lestari,1,2026-04-28 14:24:53,aplikasi selalu meminta nik untuk masuk....padahal kita tak selalu pegang ktp.....saat urgent...sangat tidak membantu. Seharusnya dipermudah...seperti penggunaan sidik jari.
sekar sekar,5,2026-04-28 14:18:24,Puas Sekali
Zakaria Ammar,5,2026-04-28 14:17:14,good
Meylinda Eka Putri,1,2026-04-28 14:13:50,"ribet bgt, mau masuk mesti autodebit. udh masukin rekening minta otp nomornya ga masuk². nomor Aktif, pulsa ada. tapi ga masuk masuk. RIBETTTTTT!"
Welsony Agus,1,2026-04-28 14:13:33,tolong jangan bikin emosi kalo bikin apk tuh pakek niat jangan banyak masalah nya gw foto udah berhasil 4 kali ngulang mulu😡😡
tama tama,5,2026-04-28 14:13:18,mantappp
Millenia Eklesia Mewoh,5,2026-04-28 14:12:03,setelah diupdate malah nggak bisa login. udh ganti pass pun ttap nggak bisa
Boesoe Nashihin,5,2026-04-28 14:10:28,Semoga semakin membaik pelayanannya...
Noor Aina,5,2026-04-28 14:10:05,bagus
Rima Anglia,5,2026-04-28 14:06:31,sangat membantu dalam kesehatan
reza prayogi,5,2026-04-28 14:05:10,sangat bagus bermanfaat bagi warga
maulinda,1,2026-04-28 14:04:43,pas mau masukin no hp knp gabisa ya? eror kah???
Sekar sekar,5,2026-04-28 13:48:54,Puas Sekali
Salino No,1,2026-04-28 13:35:17,karna susah poto bpjs ny
Azka Otomotif,1,2026-04-28 13:29:23,aplikasi daftar online tapi masi wajib daftar offline.. trus kegunaan daftar online apa? benar benar sistem dan aturan tidak berguna... sistem ngabisi anggaran negara saja ..
Yasira Safiyah,1,2026-04-28 13:25:13,susah masuk sering logout sendiri ketika mau masuk lg sampe skrg sdh 2hari gak bs
Revany Rayna,1,2026-04-28 13:18:40,"APLIKASI GAJELAS, MAU DAFTAR AJA DI PERSULIT. KODE OTP GAK MUNCUL"" PADAHAL SEMUANYA AMAN GA ADA MASALAH. APLIKASI LELET, TOLONG DI PERBAIKI!!! SEJAUH INI APLIKASI YG PALING JELEK CUMAN MOBILE JKN! UDAH BANYAK BANGET YG PROTES TAPI GAK DI PERBAIKI"", BAGAIMANA INI???? TOLONG YA DI BENERIN APLIKASI JELEK, LEMOT, BUTUT INI!!!"
ibnu hajar,5,2026-04-28 13:17:36,beres
Novita Snt,5,2026-04-28 12:56:16,aplikasinya sangat mudah digunakan dan sangat membantu
Adhie Chen,5,2026-04-28 12:55:51,respon cepat
Iqbl Nzk,5,2026-04-28 12:51:17,semoga kedepannya lebih baik dan terus baik
Jae Lani,5,2026-04-28 12:39:32,ngebantu banget dengan aplikasi ini
aprihan dandi17,1,2026-04-28 12:30:04,jelek ni aplikasi banyak bug nya
Safrutdin Ca,5,2026-04-28 12:28:01,bagus
Rasna Wati,5,2026-04-28 12:25:00,bagus lebih memudahkan
sekhu rohman,5,2026-04-28 12:20:48,"mantap sangat membantu, lebih di tingkatan lagi"
Irha Arifin,5,2026-04-28 12:20:10,Mudah dan membantu tanpa harus ke kntor bpjs
amin sukandif,1,2026-04-28 12:10:39,"baru daftar masukan nomer hp aja kagak bisa, di coba bolak balik kagak bisa.. ribet amat sih, mbok ya yg mudahin masyarakat kalau bikin pelayanan publik 🥲"
Nampak Banar,5,2026-04-28 12:05:10,mantap👍
Yudi Andana,2,2026-04-28 12:05:07,kode verifikasi lama
Iskandar Dicaprio,5,2026-04-28 12:03:50,mantab
Liah Azzahra,5,2026-04-28 11:17:31,good
Ryan Andryana,5,2026-04-28 11:13:41,Dangat bagus layanan Kesehatan mempermudah untuk perubahan alamat
Muda Syahputra,5,2026-04-28 11:13:31,sangat membantu tnpa harus ke lokasi faskes
Nuya Marley,5,2026-04-28 11:10:53,ok
Aidi Henri,5,2026-04-28 11:07:27,mantap dan mudah di mengerti
Muhamadhatta,1,2026-04-28 11:04:48,"orang tua lagi sakit daftar begini suruh rekam layar, pas udah rekam layar suruh geleng geleng kepala suruh kedipkan mata suruh senyum, coba tolong dong di benahi lagi"
Tami Tireg,4,2026-04-28 10:51:08,aplikasi nya lumayan bagus
SAIFULLOH PB,5,2026-04-28 10:40:57,Sangatlah membantu bagi warga Indonesia.
Aris Munandar37,1,2026-04-28 10:30:23,"verifikasi otp tidak bisa, sudah dicoba berkali2 hasil tetap sama. sangat mengecewakan"
Rohman Pekalongan,5,2026-04-28 10:28:38,bagus
Imam Syaf,5,2026-04-28 10:28:06,mantap
Rio Saragi,5,2026-04-28 10:26:59,sangat bgus
Maryati Yati,5,2026-04-28 10:26:03,sangat membantu semoga seterusnya berjalan dengan lancar terimakasih
wiwik verari,5,2026-04-28 10:25:23,"akses mudah ,memudahkan pelayanan"
Yeyen Ngganggoek,5,2026-04-28 10:13:45,sangat baguss
Kurniansya Boby Saputra,1,2026-04-28 10:13:44,Force close..... programernya gak kompeten
Tama,1,2026-04-28 09:56:43,kode otp udah 3 hari saya coba tetep ga dikirim
Edi Santoso,1,2026-04-28 09:55:27,aplikasi sampah
wong nto,5,2026-04-28 09:51:10,"oke,merubah faskes sangat cepat"
Heri Haryanto,5,2026-04-28 09:47:14,Alhamdulillah lancar
Alex Di Caprio,1,2026-04-28 09:46:07,tolong benerin aplikasinya sering terjadi bug ketika login tiba tiba hp saya GK bisa digerakin
eko cellular,1,2026-04-28 09:32:41,selasa 28 april 2026.. mobile jkn tidak bisa untuk log in.. saya mau ambil antrian online untuk periksa ke dokter tp tidak bisa untuk log in
Iqbal Mustafa44,1,2026-04-28 09:30:19,hadeh mau daftar aja susah bgt
azwar nuhu,5,2026-04-28 09:29:47,Sangat bermanfaat & berguna
SARENDRA JAYA,3,2026-04-28 09:27:43,"aplikasi bagus, lebih baik login gak usah pake capsca biar lebih gampang, saya login ternyata harus nunggu beberapa menit baru bisa masuk lagi"
Uum Yuliawati,5,2026-04-28 08:56:12,semakin sukses bpjs kesehatan
Wahyu,5,2026-04-28 08:41:47,sangat membantu
A_118_012 Dedi Purnomo C.B,1,2026-04-28 08:34:18,"gabisa verifikasi ga dapat kode otp, gatau ini aplikasinya siatemnya gimna 🤧"
euryzaa momeena,1,2026-04-28 08:29:14,mau daftar aja ribet
Meri Ariska,1,2026-04-28 08:25:24,"sangat mengecewakan, tidak bisa daftar, padahal nomor telfonnya sudah benar, dan jaringan internet juga bagus"
kunrs id,1,2026-04-28 08:06:26,"tgl 28 April, kenapa ya tidak bisa ambil antrian periksa di nakes dokter umum, tolong perbaiki"
vy chiar,5,2026-04-28 08:05:18,Pelayanan cepat dan memuaskan
Yu Ni,5,2026-04-28 07:43:16,tapi kok ribet ya kaloau masuk
Hndr Stmt,1,2026-04-28 07:41:42,kirim ulang kode verifikasi nya lamaaa
Ani Anfika,1,2026-04-28 07:38:28,dipersulit..nunggu kode ga masuk2 gagal terus
alam indah,1,2026-04-28 07:32:07,gunanya apa si aplikasi ini. bukanya untuk mepermudah malah bikin stres aja
DWi dohmsmith,1,2026-04-28 07:27:42,apk aneh mau daftar udah 2 hari belum dapat diproses terus
rizal pradana,5,2026-04-28 07:12:17,sangat membantu sekali dalam berobat dan dalam pengantrian berobat..terimakasih banyak untuk admin dan crew nya🙏
nengah sujana,5,2026-04-28 07:05:21,ok
Hiiki,1,2026-04-28 06:45:27,"sangat mengecewakan, untuk mengirim kode otp saja selalu gagal, dan kodenya tidak pernah masuk bahkan setelah meminta kirim ulang kodenya tetap saja tidak masuk. tolong kedepannya silahkan diperbaiki dengan sebenar benarnya!"
Lisya sasmita Nasution,5,2026-04-28 06:41:35,sangat membantu
zacky Ngrha,1,2026-04-28 06:33:43,"aplikasi buat warga kecil tuh bener ya di persulit wkwk, contoh saya mau daftar aja sulitnya minta ampun perkara OTP Ini OTP Terbang nya kemana ya btw pdhal Gmail Bisa kocak bngt yaampun"
Ardie Komet,5,2026-04-28 06:33:00,mantaps
Rizki Ramadhan,1,2026-04-28 06:25:07,"minta otp gak bisa bisa di coba berhari hari , mempersulit orang lain aja ,l"
Yuli Andri,5,2026-04-28 06:16:33,☝️👍👍🤝🙏
Lalu M Johandi,5,2026-04-28 06:06:31,good services
Leeny Sobirin,1,2026-04-28 06:03:52,"aplikasi gajelas bikin ribet,bukanya mempermudah malah nyusahin"
Didit Andreans,4,2026-04-28 05:54:43,"Akunnya ke log out sendiri dan log in sidik jari tidak bisa digunakan, apakah sedang gangguan??? Soalny sudah berjalan 2 mingguan 🙏🏻🙏🏻🙏🏻"
Anung Anung,1,2026-04-28 05:42:51,"nungguin otp sampe taun monyet ga keluar""🤦🤦"
Rasso2016 RASSO,5,2026-04-28 05:33:45,fast respon
Sigit Ismatuloh,5,2026-04-28 05:33:16,sgt memudahkan
Raya Rabbani,1,2026-04-28 05:32:12,niat gak bikin aplikasi nyusahin orang Poto muka susah gagalterus kode otp ga dikirim kirim KONOHA
Cipacap City,1,2026-04-28 05:32:08,aplikasi tolol daftar aja susah
Azhari Alfahmi,5,2026-04-28 05:24:53,oke
Nur Anis Rahmayanti,2,2026-04-28 05:24:36,buruk bgt aplikasinya 🙈
Purwanto yoga,5,2026-04-28 05:14:44,Berguna dengan sangat baik!
arfan zulkarnain,5,2026-04-28 05:10:14,pelayanan baik
TUPAY AJ,5,2026-04-28 05:10:03,sangat membanu dan bermanfaat
Joni Junaedii,5,2026-04-28 05:08:17,Bagus Mantab
Mzainal Amin,1,2026-04-28 05:04:16,bisa² kode otp gak masuk² padahal udah nunggu lama.... kecewa sama apk nya
Saya dwi Utami1960,5,2026-04-28 05:00:42,mantap
dalbo hardiles,5,2026-04-28 04:56:05,Mantap
Winarni,1,2026-04-28 04:48:15,"aplikasi cacat tapi di rilis , mau pendaftaran saja repot sekali , scan foto ga berhasil terus , setelah berhasil OTP tfk di kirim kan , CACAT asli. merepotkan pendaftaran pasien"
